"filename", "language", "TypeScript JSX", "JSON with Comments", "TypeScript", "JavaScript", "JSON", "XML", "Markdown", "MS SQL", "comment", "blank", "total"
"d:\HDSP_HYBRID\backend\main.js", "JavaScript", 0, 0, 0, -111, 0, 0, 0, 0, -1, 0, -112
"d:\HDSP_HYBRID\backend\nest-cli.json", "JSON", 0, 0, 0, 0, -9, 0, 0, 0, 0, -1, -10
"d:\HDSP_HYBRID\backend\package-lock.json", "JSON", 0, 0, 0, 0, -13155, 0, 0, 0, 0, -1, -13156
"d:\HDSP_HYBRID\backend\package.json", "JSON", 0, 0, 0, 0, -137, 0, 0, 0, 0, -1, -138
"d:\HDSP_HYBRID\backend\src\app.controller.ts", "TypeScript", 0, 0, -67, 0, 0, 0, 0, 0, 0, -6, -73
"d:\HDSP_HYBRID\backend\src\app.module.ts", "TypeScript", 0, 0, -116, 0, 0, 0, 0, 0, -63, -28, -207
"d:\HDSP_HYBRID\backend\src\common\decorators\active-branch.decorator.ts", "TypeScript", 0, 0, -18, 0, 0, 0, 0, 0, -9, -2, -29
"d:\HDSP_HYBRID\backend\src\common\decorators\audit.decorator.ts", "TypeScript", 0, 0, -8, 0, 0, 0, 0, 0, -8, -4, -20
"d:\HDSP_HYBRID\backend\src\common\decorators\current-user.decorator.ts", "TypeScript", 0, 0, -8, 0, 0, 0, 0, 0, -10, -2, -20
"d:\HDSP_HYBRID\backend\src\common\decorators\permissions.decorator.ts", "TypeScript", 0, 0, -4, 0, 0, 0, 0, 0, -9, -3, -16
"d:\HDSP_HYBRID\backend\src\common\decorators\public.decorator.ts", "TypeScript", 0, 0, -3, 0, 0, 0, 0, 0, -9, -3, -15
"d:\HDSP_HYBRID\backend\src\common\decorators\roles.decorator.ts", "TypeScript", 0, 0, -3, 0, 0, 0, 0, 0, -8, -3, -14
"d:\HDSP_HYBRID\backend\src\common\filters\global-exception.filter.ts", "TypeScript", 0, 0, -69, 0, 0, 0, 0, 0, -7, -12, -88
"d:\HDSP_HYBRID\backend\src\common\guards\jwt-auth.guard.ts", "TypeScript", 0, 0, -26, 0, 0, 0, 0, 0, -6, -5, -37
"d:\HDSP_HYBRID\backend\src\common\guards\permissions.guard.ts", "TypeScript", 0, 0, -29, 0, 0, 0, 0, 0, -14, -9, -52
"d:\HDSP_HYBRID\backend\src\common\guards\reservation-scope.guard.ts", "TypeScript", 0, 0, -35, 0, 0, 0, 0, 0, -26, -10, -71
"d:\HDSP_HYBRID\backend\src\common\guards\roles.guard.ts", "TypeScript", 0, 0, -29, 0, 0, 0, 0, 0, 0, -7, -36
"d:\HDSP_HYBRID\backend\src\common\guards\tenant-scope.guard.ts", "TypeScript", 0, 0, -53, 0, 0, 0, 0, 0, -49, -11, -113
"d:\HDSP_HYBRID\backend\src\common\health\bull.health.ts", "TypeScript", 0, 0, -31, 0, 0, 0, 0, 0, -6, -3, -40
"d:\HDSP_HYBRID\backend\src\common\health\oracle.health.ts", "TypeScript", 0, 0, -34, 0, 0, 0, 0, 0, -8, -7, -49
"d:\HDSP_HYBRID\backend\src\common\health\redis.health.ts", "TypeScript", 0, 0, -38, 0, 0, 0, 0, 0, 0, -4, -42
"d:\HDSP_HYBRID\backend\src\common\interceptors\audit.interceptor.ts", "TypeScript", 0, 0, -33, 0, 0, 0, 0, 0, -11, -7, -51
"d:\HDSP_HYBRID\backend\src\common\interceptors\logging.interceptor.ts", "TypeScript", 0, 0, -45, 0, 0, 0, 0, 0, -4, -4, -53
"d:\HDSP_HYBRID\backend\src\common\middleware\request-id.middleware.ts", "TypeScript", 0, 0, -12, 0, 0, 0, 0, 0, -4, -2, -18
"d:\HDSP_HYBRID\backend\src\common\middleware\subdomain-tenant.middleware.ts", "TypeScript", 0, 0, -33, 0, 0, 0, 0, 0, -34, -6, -73
"d:\HDSP_HYBRID\backend\src\common\redis\redis.provider.ts", "TypeScript", 0, 0, -26, 0, 0, 0, 0, 0, -1, -6, -33
"d:\HDSP_HYBRID\backend\src\common\utils\logger.util.ts", "TypeScript", 0, 0, -67, 0, 0, 0, 0, 0, -18, -12, -97
"d:\HDSP_HYBRID\backend\src\config\app.config.ts", "TypeScript", 0, 0, -14, 0, 0, 0, 0, 0, -22, -2, -38
"d:\HDSP_HYBRID\backend\src\config\database.config.ts", "TypeScript", 0, 0, -52, 0, 0, 0, 0, 0, -2, -4, -58
"d:\HDSP_HYBRID\backend\src\config\deployment.config.ts", "TypeScript", 0, 0, -4, 0, 0, 0, 0, 0, -9, -2, -15
"d:\HDSP_HYBRID\backend\src\config\env.validation.ts", "TypeScript", 0, 0, -82, 0, 0, 0, 0, 0, -70, -18, -170
"d:\HDSP_HYBRID\backend\src\config\jwt.config.ts", "TypeScript", 0, 0, -7, 0, 0, 0, 0, 0, 0, -2, -9
"d:\HDSP_HYBRID\backend\src\config\oracle.config.ts", "TypeScript", 0, 0, -26, 0, 0, 0, 0, 0, -2, -2, -30
"d:\HDSP_HYBRID\backend\src\config\redis.config.ts", "TypeScript", 0, 0, -55, 0, 0, 0, 0, 0, -14, -6, -75
"d:\HDSP_HYBRID\backend\src\database\data-source.ts", "TypeScript", 0, 0, -196, 0, 0, 0, 0, 0, -4, -9, -209
"d:\HDSP_HYBRID\backend\src\database\migrations\1700000001-CreatePlatformSchema.ts", "TypeScript", 0, 0, 0, 0, 0, 0, 0, 0, -1, -1, -2
"d:\HDSP_HYBRID\backend\src\database\migrations\1700000001000-CreatePlatformSchema.ts", "TypeScript", 0, 0, -107, 0, 0, 0, 0, 0, -13, -11, -131
"d:\HDSP_HYBRID\backend\src\database\migrations\1700000002-CreateLicensingSchema.ts", "TypeScript", 0, 0, 0, 0, 0, 0, 0, 0, -1, -1, -2
"d:\HDSP_HYBRID\backend\src\database\migrations\1700000002000-CreateLicensingSchema.ts", "TypeScript", 0, 0, -33, 0, 0, 0, 0, 0, -5, -5, -43
"d:\HDSP_HYBRID\backend\src\database\migrations\1700000003-CreateAuditSchema.ts", "TypeScript", 0, 0, 0, 0, 0, 0, 0, 0, -1, -1, -2
"d:\HDSP_HYBRID\backend\src\database\migrations\1700000003000-CreateAuditSchema.ts", "TypeScript", 0, 0, -55, 0, 0, 0, 0, 0, -12, -6, -73
"d:\HDSP_HYBRID\backend\src\database\migrations\1700000004-CreateNotificationSchema.ts", "TypeScript", 0, 0, 0, 0, 0, 0, 0, 0, -1, -1, -2
"d:\HDSP_HYBRID\backend\src\database\migrations\1700000004000-CreateNotificationSchema.ts", "TypeScript", 0, 0, -52, 0, 0, 0, 0, 0, -7, -6, -65
"d:\HDSP_HYBRID\backend\src\database\migrations\1700000005-CreateLoyaltySchema.ts", "TypeScript", 0, 0, 0, 0, 0, 0, 0, 0, -1, -1, -2
"d:\HDSP_HYBRID\backend\src\database\migrations\1700000005000-CreateLoyaltySchema.ts", "TypeScript", 0, 0, -184, 0, 0, 0, 0, 0, -16, -12, -212
"d:\HDSP_HYBRID\backend\src\database\migrations\1700000006-CreateNotificationV2Schema.ts", "TypeScript", 0, 0, 0, 0, 0, 0, 0, 0, -1, -1, -2
"d:\HDSP_HYBRID\backend\src\database\migrations\1700000006000-CreateNotificationV2Schema.ts", "TypeScript", 0, 0, -106, 0, 0, 0, 0, 0, -13, -8, -127
"d:\HDSP_HYBRID\backend\src\database\migrations\1700000007-AddPhoneToLoyaltyAccounts.ts", "TypeScript", 0, 0, 0, 0, 0, 0, 0, 0, -1, -1, -2
"d:\HDSP_HYBRID\backend\src\database\migrations\1700000007000-AddPhoneToLoyaltyAccounts.ts", "TypeScript", 0, 0, -27, 0, 0, 0, 0, 0, -8, -5, -40
"d:\HDSP_HYBRID\backend\src\database\migrations\1700000008000-CreateVendorSyncSchema.ts", "TypeScript", 0, 0, -47, 0, 0, 0, 0, 0, -6, -6, -59
"d:\HDSP_HYBRID\backend\src\database\migrations\1700000009000-MakeSystemColumnsNullable.ts", "TypeScript", 0, 0, -24, 0, 0, 0, 0, 0, -24, -5, -53
"d:\HDSP_HYBRID\backend\src\database\migrations\1700000010000-CreateHisSchemaConfig.ts", "TypeScript", 0, 0, -153, 0, 0, 0, 0, 0, -44, -18, -215
"d:\HDSP_HYBRID\backend\src\database\migrations\1700000011000-CreateEICSchema.ts", "TypeScript", 0, 0, -465, 0, 0, 0, 0, 0, -40, -30, -535
"d:\HDSP_HYBRID\backend\src\database\migrations\1700000012000-EicTherapistIdToVarchar.ts", "TypeScript", 0, 0, -48, 0, 0, 0, 0, 0, -6, -4, -58
"d:\HDSP_HYBRID\backend\src\database\migrations\1700000013000-PreschoolEnhancements.ts", "TypeScript", 0, 0, -59, 0, 0, 0, 0, 0, -16, -9, -84
"d:\HDSP_HYBRID\backend\src\database\migrations\1700000014000-CreateTokenSchema.ts", "TypeScript", 0, 0, -89, 0, 0, 0, 0, 0, -13, -12, -114
"d:\HDSP_HYBRID\backend\src\database\migrations\1700000014000-GoalExtension.ts", "TypeScript", 0, 0, -6, 0, 0, 0, 0, 0, -1, -1, -8
"d:\HDSP_HYBRID\backend\src\database\migrations\1700000015000-AddTokenLocations.ts", "TypeScript", 0, 0, -82, 0, 0, 0, 0, 0, -20, -13, -115
"d:\HDSP_HYBRID\backend\src\database\migrations\1700000016000-UserRolesManyToMany.ts", "TypeScript", 0, 0, -48, 0, 0, 0, 0, 0, -5, -9, -62
"d:\HDSP_HYBRID\backend\src\database\migrations\1700000017000-CreateUserPermissions.ts", "TypeScript", 0, 0, -21, 0, 0, 0, 0, 0, -8, -5, -34
"d:\HDSP_HYBRID\backend\src\database\migrations\1700000018000-CreateTokenDisplayConfig.ts", "TypeScript", 0, 0, -23, 0, 0, 0, 0, 0, -9, -5, -37
"d:\HDSP_HYBRID\backend\src\database\migrations\1700000019000-CreateDisplayPages.ts", "TypeScript", 0, 0, -23, 0, 0, 0, 0, 0, -6, -4, -33
"d:\HDSP_HYBRID\backend\src\database\migrations\1700000020000-CreateAttendanceRealtimeSchema.ts", "TypeScript", 0, 0, -122, 0, 0, 0, 0, 0, 0, -11, -133
"d:\HDSP_HYBRID\backend\src\database\migrations\1700000021000-CreateUserBranches.ts", "TypeScript", 0, 0, -50, 0, 0, 0, 0, 0, 0, -12, -62
"d:\HDSP_HYBRID\backend\src\database\migrations\1700000022000-BranchIdDefaultToAlmas.ts", "TypeScript", 0, 0, -22, 0, 0, 0, 0, 0, -10, -6, -38
"d:\HDSP_HYBRID\backend\src\database\migrations\1751140000000-AddHisEmployeeMapping.ts", "TypeScript", 0, 0, -17, 0, 0, 0, 0, 0, 0, -2, -19
"d:\HDSP_HYBRID\backend\src\database\migrations\1751200000000-AddHisColumnsToTokenLocations.ts", "TypeScript", 0, 0, -30, 0, 0, 0, 0, 0, -9, -5, -44
"d:\HDSP_HYBRID\backend\src\database\migrations\1751300000000-TokenArchitecturePhase1.ts", "TypeScript", 0, 0, -298, 0, 0, 0, 0, 0, -27, -20, -345
"d:\HDSP_HYBRID\backend\src\database\migrations\1751400000001-AddTokenPrefixToLocations.ts", "TypeScript", 0, 0, -16, 0, 0, 0, 0, 0, -9, -4, -29
"d:\HDSP_HYBRID\backend\src\database\migrations\1751400000002-AddResetToAuditLogAction.ts", "TypeScript", 0, 0, -23, 0, 0, 0, 0, 0, -4, -3, -30
"d:\HDSP_HYBRID\backend\src\database\migrations\1751400000002-ExpandTokenCallsSchema.ts", "TypeScript", 0, 0, -47, 0, 0, 0, 0, 0, -23, -8, -78
"d:\HDSP_HYBRID\backend\src\database\migrations\1751400000003-ExpandTokenCallsSchema.ts", "TypeScript", 0, 0, -47, 0, 0, 0, 0, 0, -24, -8, -79
"d:\HDSP_HYBRID\backend\src\database\migrations\1751400000004-GoalExtension.ts", "TypeScript", 0, 0, -24, 0, 0, 0, 0, 0, 0, -4, -28
"d:\HDSP_HYBRID\backend\src\database\migrations\1751400000005-AddDisciplineAssignments.ts", "TypeScript", 0, 0, -61, 0, 0, 0, 0, 0, -6, -8, -75
"d:\HDSP_HYBRID\backend\src\database\migrations\1751500000001-CreateAttendanceDependencyEvents.ts", "TypeScript", 0, 0, -43, 0, 0, 0, 0, 0, -12, -8, -63
"d:\HDSP_HYBRID\backend\src\database\migrations\1751600000001-AddScopeToAttendanceDependencyEvents.ts", "TypeScript", 0, 0, -26, 0, 0, 0, 0, 0, -12, -5, -43
"d:\HDSP_HYBRID\backend\src\database\migrations\1751600000002-CreateAttendanceDependencySnapshot.ts", "TypeScript", 0, 0, -33, 0, 0, 0, 0, 0, 0, -6, -39
"d:\HDSP_HYBRID\backend\src\database\migrations\1751600000003-CreateAttendanceDivergenceLog.ts", "TypeScript", 0, 0, -35, 0, 0, 0, 0, 0, 0, -7, -42
"d:\HDSP_HYBRID\backend\src\database\migrations\1751700000001-CreateAttendanceGovernanceLocks.ts", "TypeScript", 0, 0, -43, 0, 0, 0, 0, 0, 0, -5, -48
"d:\HDSP_HYBRID\backend\src\database\migrations\1751700000002-CreateAttendanceSkipLog.ts", "TypeScript", 0, 0, -39, 0, 0, 0, 0, 0, 0, -5, -44
"d:\HDSP_HYBRID\backend\src\database\migrations\1751800000001-AddRegistrationColumnsToTokenRecords.ts", "TypeScript", 0, 0, -63, 0, 0, 0, 0, 0, -30, -11, -104
"d:\HDSP_HYBRID\backend\src\database\migrations\1751800000002-CreateRegistrationMappingSchema.ts", "TypeScript", 0, 0, -217, 0, 0, 0, 0, 0, -45, -26, -288
"d:\HDSP_HYBRID\backend\src\database\migrations\1783251715976-CreateDocumentPlatformSchema.ts", "TypeScript", 0, 0, -123, 0, 0, 0, 0, 0, -18, -10, -151
"d:\HDSP_HYBRID\backend\src\database\migrations\1783276251575-AddAssetEntity.ts", "TypeScript", 0, 0, -10, 0, 0, 0, 0, 0, 0, -4, -14
"d:\HDSP_HYBRID\backend\src\database\migrations\1783300000000-CreateImportJobsTable.ts", "TypeScript", 0, 0, -38, 0, 0, 0, 0, 0, 0, -5, -43
"d:\HDSP_HYBRID\backend\src\database\migrations\1783326737784-ConsolidateRecentChanges.ts", "TypeScript", 0, 0, -1269, 0, 0, 0, 0, 0, -22, -10, -1301
"d:\HDSP_HYBRID\backend\src\database\migrations\1783338015788-AddRecoveryAccountFields.ts", "TypeScript", 0, 0, -12, 0, 0, 0, 0, 0, 0, -4, -16
"d:\HDSP_HYBRID\backend\src\database\migrations\1783341110006-AddRecoveryAccountFields.ts", "TypeScript", 0, 0, -12, 0, 0, 0, 0, 0, 0, -4, -16
"d:\HDSP_HYBRID\backend\src\database\migrations\1783400000000-CreatePasswordResetRequestsTable.ts", "TypeScript", 0, 0, -72, 0, 0, 0, 0, 0, 0, -10, -82
"d:\HDSP_HYBRID\backend\src\database\migrations\1783405488684-CreateSystemSettings.ts", "TypeScript", 0, 0, -10, 0, 0, 0, 0, 0, 0, -4, -14
"d:\HDSP_HYBRID\backend\src\database\migrations\1783420000000-AddTokenConfigReadPermission.ts", "TypeScript", 0, 0, -43, 0, 0, 0, 0, 0, -32, -5, -80
"d:\HDSP_HYBRID\backend\src\database\migrations\1783430000000-CreateWorkstationConfiguration.ts", "TypeScript", 0, 0, -38, 0, 0, 0, 0, 0, -21, -5, -64
"d:\HDSP_HYBRID\backend\src\database\migrations\1783440000000-EnsureTokenRecordsRegisteredAt.ts", "TypeScript", 0, 0, -19, 0, 0, 0, 0, 0, -14, -4, -37
"d:\HDSP_HYBRID\backend\src\database\migrations\1783450000000-EnsureTokenRecordsRegistrationColumns.ts", "TypeScript", 0, 0, -20, 0, 0, 0, 0, 0, -16, -4, -40
"d:\HDSP_HYBRID\backend\src\database\migrations\1783460000000-EnsureTokenSequencesConstraints.ts", "TypeScript", 0, 0, -24, 0, 0, 0, 0, 0, -15, -5, -44
"d:\HDSP_HYBRID\backend\src\database\migrations\1783470000000-AddTokenRecordsReferenceIndexes.ts", "TypeScript", 0, 0, -20, 0, 0, 0, 0, 0, -15, -4, -39
"d:\HDSP_HYBRID\backend\src\database\migrations\1783480000000-AddRegistrationViewActionPermissions.ts", "TypeScript", 0, 0, -95, 0, 0, 0, 0, 0, -34, -14, -143
"d:\HDSP_HYBRID\backend\src\database\migrations\1783490000000-CreateCmsModule.ts", "TypeScript", 0, 0, -132, 0, 0, 0, 0, 0, -10, -7, -149
"d:\HDSP_HYBRID\backend\src\database\migrations\1783500000000-CreateCmsScheduling.ts", "TypeScript", 0, 0, -31, 0, 0, 0, 0, 0, -6, -4, -41
"d:\HDSP_HYBRID\backend\src\database\migrations\1783510000000-CmsHardening.ts", "TypeScript", 0, 0, -39, 0, 0, 0, 0, 0, -4, -4, -47
"d:\HDSP_HYBRID\backend\src\database\migrations\1783520000000-CmsPlayerHealth.ts", "TypeScript", 0, 0, -30, 0, 0, 0, 0, 0, -6, -4, -40
"d:\HDSP_HYBRID\backend\src\database\migrations\1783530000000-CmsV1Stabilization.ts", "TypeScript", 0, 0, -110, 0, 0, 0, 0, 0, -6, -5, -121
"d:\HDSP_HYBRID\backend\src\database\migrations\1783540000000-CmsPluginConfig.ts", "TypeScript", 0, 0, -22, 0, 0, 0, 0, 0, -9, -4, -35
"d:\HDSP_HYBRID\backend\src\database\migrations\1783550000000-CreateCmsTicker.ts", "TypeScript", 0, 0, -49, 0, 0, 0, 0, 0, -18, -4, -71
"d:\HDSP_HYBRID\backend\src\database\migrations\1783560000000-CreateFeedbackModule.ts", "TypeScript", 0, 0, -131, 0, 0, 0, 0, 0, -22, -5, -158
"d:\HDSP_HYBRID\backend\src\database\migrations\1783570000000-CreateFeedbackPhase2.ts", "TypeScript", 0, 0, -116, 0, 0, 0, 0, 0, -13, -5, -134
"d:\HDSP_HYBRID\backend\src\database\migrations\1783580000000-AddFeedbackFormHeaderImage.ts", "TypeScript", 0, 0, -18, 0, 0, 0, 0, 0, -9, -4, -31
"d:\HDSP_HYBRID\backend\src\database\migrations\1783590000000-AddFeedbackAnswerDisplayValue.ts", "TypeScript", 0, 0, -14, 0, 0, 0, 0, 0, -9, -4, -27
"d:\HDSP_HYBRID\backend\src\database\migrations\1783600000000-AddFeedbackSubmissionCampaignDedupIndex.ts", "TypeScript", 0, 0, -16, 0, 0, 0, 0, 0, -10, -4, -30
"d:\HDSP_HYBRID\backend\src\database\migrations\1783610000000-AddFeedbackFormSplashScreen.ts", "TypeScript", 0, 0, -18, 0, 0, 0, 0, 0, -9, -4, -31
"d:\HDSP_HYBRID\backend\src\database\migrations\1783620000000-AddFeedbackCampaignGoogleReview.ts", "TypeScript", 0, 0, -24, 0, 0, 0, 0, 0, -13, -4, -41
"d:\HDSP_HYBRID\backend\src\database\migrations\1783630000000-CreateFeedbackComplaints.ts", "TypeScript", 0, 0, -61, 0, 0, 0, 0, 0, -8, -5, -74
"d:\HDSP_HYBRID\backend\src\database\migrations\1783640000000-AddFeedbackAnalyticsPermission.ts", "TypeScript", 0, 0, -31, 0, 0, 0, 0, 0, -7, -4, -42
"d:\HDSP_HYBRID\backend\src\database\migrations\1783650000000-AddFeedbackReportPermission.ts", "TypeScript", 0, 0, -31, 0, 0, 0, 0, 0, -5, -4, -40
"d:\HDSP_HYBRID\backend\src\database\migrations\1783660000000-CreateFeedbackLanguages.ts", "TypeScript", 0, 0, -65, 0, 0, 0, 0, 0, -14, -5, -84
"d:\HDSP_HYBRID\backend\src\database\migrations\1783670000000-CreateFeedbackNotifications.ts", "TypeScript", 0, 0, -23, 0, 0, 0, 0, 0, -8, -4, -35
"d:\HDSP_HYBRID\backend\src\database\migrations\1783680000000-MakeFeedbackAnswerValueNullable.ts", "TypeScript", 0, 0, -15, 0, 0, 0, 0, 0, -12, -4, -31
"d:\HDSP_HYBRID\backend\src\database\migrations\1783690000000-CreateFeedbackSettings.ts", "TypeScript", 0, 0, -73, 0, 0, 0, 0, 0, -24, -6, -103
"d:\HDSP_HYBRID\backend\src\database\migrations\1783700000000-CreateTenantTable.ts", "TypeScript", 0, 0, -28, 0, 0, 0, 0, 0, -8, -4, -40
"d:\HDSP_HYBRID\backend\src\database\migrations\1783710000000-SeedDefaultTenant.ts", "TypeScript", 0, 0, -15, 0, 0, 0, 0, 0, -8, -4, -27
"d:\HDSP_HYBRID\backend\src\database\migrations\1783720000000-AddTenantIdToSettingsTables.ts", "TypeScript", 0, 0, -25, 0, 0, 0, 0, 0, -15, -6, -46
"d:\HDSP_HYBRID\backend\src\database\migrations\1783730000000-AddTenantIdToLicensingTables.ts", "TypeScript", 0, 0, -25, 0, 0, 0, 0, 0, -15, -6, -46
"d:\HDSP_HYBRID\backend\src\database\migrations\1783740000000-AddTenantIdToAuthRbacTables.ts", "TypeScript", 0, 0, -25, 0, 0, 0, 0, 0, -20, -6, -51
"d:\HDSP_HYBRID\backend\src\database\migrations\1783750000000-AddTenantIdToAuditNotificationTables.ts", "TypeScript", 0, 0, -25, 0, 0, 0, 0, 0, -23, -6, -54
"d:\HDSP_HYBRID\backend\src\database\migrations\1783760000000-AddTenantIdToLoyaltyTables.ts", "TypeScript", 0, 0, -39, 0, 0, 0, 0, 0, -33, -6, -78
"d:\HDSP_HYBRID\backend\src\database\migrations\1783770000000-AddTenantIdToEicTables.ts", "TypeScript", 0, 0, -41, 0, 0, 0, 0, 0, -37, -5, -83
"d:\HDSP_HYBRID\backend\src\database\migrations\1783780000000-AddTenantIdToAttendanceTables.ts", "TypeScript", 0, 0, -33, 0, 0, 0, 0, 0, -40, -5, -78
"d:\HDSP_HYBRID\backend\src\database\migrations\1783780000001-AddTenantIdToAttendanceDependencyEvents.ts", "TypeScript", 0, 0, -23, 0, 0, 0, 0, 0, -28, -4, -55
"d:\HDSP_HYBRID\backend\src\database\migrations\1783790000000-AddTenantIdToCmsTables.ts", "TypeScript", 0, 0, -37, 0, 0, 0, 0, 0, -41, -5, -83
"d:\HDSP_HYBRID\backend\src\database\migrations\1783800000000-AddTenantIdToFeedbackTables.ts", "TypeScript", 0, 0, -39, 0, 0, 0, 0, 0, -51, -5, -95
"d:\HDSP_HYBRID\backend\src\database\migrations\1783810000000-AddTenantIdToTokenTables.ts", "TypeScript", 0, 0, -42, 0, 0, 0, 0, 0, -67, -5, -114
"d:\HDSP_HYBRID\backend\src\database\migrations\1783820000000-BackfillDefaultRolePermissions.ts", "TypeScript", 0, 0, -91, 0, 0, 0, 0, 0, -33, -11, -135
"d:\HDSP_HYBRID\backend\src\database\migrations\1783830000000-CreateSubscriptionLicenses.ts", "TypeScript", 0, 0, -33, 0, 0, 0, 0, 0, -11, -4, -48
"d:\HDSP_HYBRID\backend\src\database\migrations\1783840000000-CreateTenantProvisioning.ts", "TypeScript", 0, 0, -83, 0, 0, 0, 0, 0, -20, -4, -107
"d:\HDSP_HYBRID\backend\src\database\migrations\1783850000000-CreateFeatureFlags.ts", "TypeScript", 0, 0, -49, 0, 0, 0, 0, 0, -18, -4, -71
"d:\HDSP_HYBRID\backend\src\database\seeds\patch-card-thresholds.sql", "MS SQL", 0, 0, 0, 0, 0, 0, 0, -18, -14, -7, -39
"d:\HDSP_HYBRID\backend\src\database\seeds\patch-eic-permissions.sql", "MS SQL", 0, 0, 0, 0, 0, 0, 0, -60, -18, -11, -89
"d:\HDSP_HYBRID\backend\src\database\seeds\patch-receptionist-role.sql", "MS SQL", 0, 0, 0, 0, 0, 0, 0, -28, -12, -7, -47
"d:\HDSP_HYBRID\backend\src\database\seeds\patch-role-permissions.sql", "MS SQL", 0, 0, 0, 0, 0, 0, 0, -55, -16, -10, -81
"d:\HDSP_HYBRID\backend\src\database\seeds\seed-nursing-assessment-e2e.ts", "TypeScript", 0, 0, -102, 0, 0, 0, 0, 0, -12, -20, -134
"d:\HDSP_HYBRID\backend\src\database\seeds\seed-platform.ts", "TypeScript", 0, 0, -256, 0, 0, 0, 0, 0, -16, -16, -288
"d:\HDSP_HYBRID\backend\src\database\stamp-migrations.sql", "MS SQL", 0, 0, 0, 0, 0, 0, 0, -23, -4, -2, -29
"d:\HDSP_HYBRID\backend\src\main.ts", "TypeScript", 0, 0, -158, 0, 0, 0, 0, 0, -56, -23, -237
"d:\HDSP_HYBRID\backend\src\modules\attendance\README.md", "Markdown", 0, 0, 0, 0, 0, 0, -68, 0, 0, -20, -88
"d:\HDSP_HYBRID\backend\src\modules\attendance\__tests__\attendance-decision-engine.service.spec.ts", "TypeScript", 0, 0, -160, 0, 0, 0, 0, 0, 0, -30, -190
"d:\HDSP_HYBRID\backend\src\modules\attendance\__tests__\npnl-sweep-candidates.spec.ts", "TypeScript", 0, 0, -90, 0, 0, 0, 0, 0, -7, -23, -120
"d:\HDSP_HYBRID\backend\src\modules\attendance\__tests__\npnl-sweep.service.spec.ts", "TypeScript", 0, 0, -178, 0, 0, 0, 0, 0, -14, -33, -225
"d:\HDSP_HYBRID\backend\src\modules\attendance\__tests__\phase-0.5-attendance-listener.service.spec.ts", "TypeScript", 0, 0, -273, 0, 0, 0, 0, 0, -23, -65, -361
"d:\HDSP_HYBRID\backend\src\modules\attendance\__tests__\phase-0.5-duty-actual-updater.service.spec.ts", "TypeScript", 0, 0, -206, 0, 0, 0, 0, 0, -35, -46, -287
"d:\HDSP_HYBRID\backend\src\modules\attendance\__tests__\phase-0.5-oracle-polling.service.spec.ts", "TypeScript", 0, 0, -174, 0, 0, 0, 0, 0, -21, -51, -246
"d:\HDSP_HYBRID\backend\src\modules\attendance\__tests__\phase-1-attendance-confidence.spec.ts", "TypeScript", 0, 0, -94, 0, 0, 0, 0, 0, -15, -23, -132
"d:\HDSP_HYBRID\backend\src\modules\attendance\__tests__\phase-1-dependency-event-router.spec.ts", "TypeScript", 0, 0, -164, 0, 0, 0, 0, 0, -19, -42, -225
"d:\HDSP_HYBRID\backend\src\modules\attendance\__tests__\phase-2a-dependency-pollers.spec.ts", "TypeScript", 0, 0, -415, 0, 0, 0, 0, 0, -47, -71, -533
"d:\HDSP_HYBRID\backend\src\modules\attendance\__tests__\phase-2b-dependency-pollers.spec.ts", "TypeScript", 0, 0, -510, 0, 0, 0, 0, 0, -75, -115, -700
"d:\HDSP_HYBRID\backend\src\modules\attendance\__tests__\phase-3-dependency-router.spec.ts", "TypeScript", 0, 0, -362, 0, 0, 0, 0, 0, -31, -70, -463
"d:\HDSP_HYBRID\backend\src\modules\attendance\__tests__\phase-4-reconciliation.spec.ts", "TypeScript", 0, 0, -290, 0, 0, 0, 0, 0, -35, -55, -380
"d:\HDSP_HYBRID\backend\src\modules\attendance\__tests__\phase-5-governance.spec.ts", "TypeScript", 0, 0, -468, 0, 0, 0, 0, 0, -29, -94, -591
"d:\HDSP_HYBRID\backend\src\modules\attendance\__tests__\roster-resolver-eligibility.spec.ts", "TypeScript", 0, 0, -215, 0, 0, 0, 0, 0, -11, -49, -275
"d:\HDSP_HYBRID\backend\src\modules\attendance\attendance-monitoring.controller.ts", "TypeScript", 0, 0, -86, 0, 0, 0, 0, 0, -5, -17, -108
"d:\HDSP_HYBRID\backend\src\modules\attendance\attendance.controller.ts", "TypeScript", 0, 0, -63, 0, 0, 0, 0, 0, -8, -9, -80
"d:\HDSP_HYBRID\backend\src\modules\attendance\attendance.module.ts", "TypeScript", 0, 0, -109, 0, 0, 0, 0, 0, -5, -2, -116
"d:\HDSP_HYBRID\backend\src\modules\attendance\attendance.processor.ts", "TypeScript", 0, 0, -54, 0, 0, 0, 0, 0, 0, -6, -60
"d:\HDSP_HYBRID\backend\src\modules\attendance\attendance.types.ts", "TypeScript", 0, 0, -108, 0, 0, 0, 0, 0, -31, -10, -149
"d:\HDSP_HYBRID\backend\src\modules\attendance\confidence\attendance-confidence.ts", "TypeScript", 0, 0, -72, 0, 0, 0, 0, 0, -52, -20, -144
"d:\HDSP_HYBRID\backend\src\modules\attendance\dependency\dependency-polling-orchestrator.service.ts", "TypeScript", 0, 0, -139, 0, 0, 0, 0, 0, -33, -26, -198
"d:\HDSP_HYBRID\backend\src\modules\attendance\dependency\interfaces\attendance-dependency-poller.interface.ts", "TypeScript", 0, 0, -17, 0, 0, 0, 0, 0, -52, -6, -75
"d:\HDSP_HYBRID\backend\src\modules\attendance\dependency\mappers\duty-plan.mapper.ts", "TypeScript", 0, 0, -36, 0, 0, 0, 0, 0, -21, -9, -66
"d:\HDSP_HYBRID\backend\src\modules\attendance\dependency\mappers\holiday.mapper.ts", "TypeScript", 0, 0, -37, 0, 0, 0, 0, 0, -37, -9, -83
"d:\HDSP_HYBRID\backend\src\modules\attendance\dependency\mappers\leave.mapper.ts", "TypeScript", 0, 0, -36, 0, 0, 0, 0, 0, -22, -9, -67
"d:\HDSP_HYBRID\backend\src\modules\attendance\dependency\mappers\shift-type.mapper.ts", "TypeScript", 0, 0, -39, 0, 0, 0, 0, 0, -41, -9, -89
"d:\HDSP_HYBRID\backend\src\modules\attendance\dependency\pollers\duty-plan-dependency.poller.ts", "TypeScript", 0, 0, -158, 0, 0, 0, 0, 0, -62, -31, -251
"d:\HDSP_HYBRID\backend\src\modules\attendance\dependency\pollers\holiday-dependency.poller.ts", "TypeScript", 0, 0, -152, 0, 0, 0, 0, 0, -20, -31, -203
"d:\HDSP_HYBRID\backend\src\modules\attendance\dependency\pollers\leave-dependency.poller.ts", "TypeScript", 0, 0, -161, 0, 0, 0, 0, 0, -68, -31, -260
"d:\HDSP_HYBRID\backend\src\modules\attendance\dependency\pollers\shift-type-dependency.poller.ts", "TypeScript", 0, 0, -154, 0, 0, 0, 0, 0, -21, -31, -206
"d:\HDSP_HYBRID\backend\src\modules\attendance\dto\attendance-monitoring-query.dto.ts", "TypeScript", 0, 0, -29, 0, 0, 0, 0, 0, 0, -7, -36
"d:\HDSP_HYBRID\backend\src\modules\attendance\dto\reconcile-attendance.dto.ts", "TypeScript", 0, 0, -7, 0, 0, 0, 0, 0, 0, -4, -11
"d:\HDSP_HYBRID\backend\src\modules\attendance\dto\reprocess-attendance.dto.ts", "TypeScript", 0, 0, -11, 0, 0, 0, 0, 0, 0, -4, -15
"d:\HDSP_HYBRID\backend\src\modules\attendance\dto\reset-attendance-cursor.dto.ts", "TypeScript", 0, 0, -5, 0, 0, 0, 0, 0, 0, -3, -8
"d:\HDSP_HYBRID\backend\src\modules\attendance\entities\attendance-audit.entity.ts", "TypeScript", 0, 0, -34, 0, 0, 0, 0, 0, -6, -15, -55
"d:\HDSP_HYBRID\backend\src\modules\attendance\entities\attendance-dependency-event.entity.ts", "TypeScript", 0, 0, -40, 0, 0, 0, 0, 0, -14, -16, -70
"d:\HDSP_HYBRID\backend\src\modules\attendance\entities\attendance-dependency-snapshot.entity.ts", "TypeScript", 0, 0, -31, 0, 0, 0, 0, 0, -30, -11, -72
"d:\HDSP_HYBRID\backend\src\modules\attendance\entities\attendance-divergence-log.entity.ts", "TypeScript", 0, 0, -36, 0, 0, 0, 0, 0, -25, -13, -74
"d:\HDSP_HYBRID\backend\src\modules\attendance\entities\attendance-event.entity.ts", "TypeScript", 0, 0, -49, 0, 0, 0, 0, 0, -9, -18, -76
"d:\HDSP_HYBRID\backend\src\modules\attendance\entities\attendance-governance-lock.entity.ts", "TypeScript", 0, 0, -36, 0, 0, 0, 0, 0, -21, -14, -71
"d:\HDSP_HYBRID\backend\src\modules\attendance\entities\attendance-reconciliation.entity.ts", "TypeScript", 0, 0, -25, 0, 0, 0, 0, 0, -6, -12, -43
"d:\HDSP_HYBRID\backend\src\modules\attendance\entities\attendance-rule.entity.ts", "TypeScript", 0, 0, -29, 0, 0, 0, 0, 0, -7, -12, -48
"d:\HDSP_HYBRID\backend\src\modules\attendance\entities\attendance-skip-log.entity.ts", "TypeScript", 0, 0, -32, 0, 0, 0, 0, 0, -20, -12, -64
"d:\HDSP_HYBRID\backend\src\modules\attendance\events\attendance-dependency-changed.event.ts", "TypeScript", 0, 0, -28, 0, 0, 0, 0, 0, -29, -7, -64
"d:\HDSP_HYBRID\backend\src\modules\attendance\services\attendance-audit.service.ts", "TypeScript", 0, 0, -38, 0, 0, 0, 0, 0, -3, -4, -45
"d:\HDSP_HYBRID\backend\src\modules\attendance\services\attendance-config.service.ts", "TypeScript", 0, 0, -214, 0, 0, 0, 0, 0, -202, -10, -426
"d:\HDSP_HYBRID\backend\src\modules\attendance\services\attendance-decision-engine.service.ts", "TypeScript", 0, 0, -216, 0, 0, 0, 0, 0, -4, -19, -239
"d:\HDSP_HYBRID\backend\src\modules\attendance\services\attendance-governance.service.ts", "TypeScript", 0, 0, -191, 0, 0, 0, 0, 0, -65, -26, -282
"d:\HDSP_HYBRID\backend\src\modules\attendance\services\attendance-listener.service.ts", "TypeScript", 0, 0, -219, 0, 0, 0, 0, 0, -41, -24, -284
"d:\HDSP_HYBRID\backend\src\modules\attendance\services\attendance-monitoring.service.ts", "TypeScript", 0, 0, -516, 0, 0, 0, 0, 0, -7, -47, -570
"d:\HDSP_HYBRID\backend\src\modules\attendance\services\attendance-processor.service.ts", "TypeScript", 0, 0, -240, 0, 0, 0, 0, 0, -11, -17, -268
"d:\HDSP_HYBRID\backend\src\modules\attendance\services\attendance-structured-logger.service.ts", "TypeScript", 0, 0, -140, 0, 0, 0, 0, 0, -8, -19, -167
"d:\HDSP_HYBRID\backend\src\modules\attendance\services\dependency-event-router.service.ts", "TypeScript", 0, 0, -180, 0, 0, 0, 0, 0, -54, -33, -267
"d:\HDSP_HYBRID\backend\src\modules\attendance\services\dependency-recalculation.service.ts", "TypeScript", 0, 0, -137, 0, 0, 0, 0, 0, -50, -17, -204
"d:\HDSP_HYBRID\backend\src\modules\attendance\services\dependency-snapshot.service.ts", "TypeScript", 0, 0, -72, 0, 0, 0, 0, 0, -37, -7, -116
"d:\HDSP_HYBRID\backend\src\modules\attendance\services\duty-actual-updater.service.ts", "TypeScript", 0, 0, -254, 0, 0, 0, 0, 0, -27, -16, -297
"d:\HDSP_HYBRID\backend\src\modules\attendance\services\his-divergence.service.ts", "TypeScript", 0, 0, -98, 0, 0, 0, 0, 0, -25, -17, -140
"d:\HDSP_HYBRID\backend\src\modules\attendance\services\his-reconciliation.job.ts", "TypeScript", 0, 0, -187, 0, 0, 0, 0, 0, -35, -30, -252
"d:\HDSP_HYBRID\backend\src\modules\attendance\services\night-reconciliation.job.ts", "TypeScript", 0, 0, -110, 0, 0, 0, 0, 0, 0, -10, -120
"d:\HDSP_HYBRID\backend\src\modules\attendance\services\npnl-sweep.service.ts", "TypeScript", 0, 0, -162, 0, 0, 0, 0, 0, -49, -18, -229
"d:\HDSP_HYBRID\backend\src\modules\attendance\services\oracle-polling.service.ts", "TypeScript", 0, 0, -274, 0, 0, 0, 0, 0, -55, -31, -360
"d:\HDSP_HYBRID\backend\src\modules\attendance\services\punch-history.service.ts", "TypeScript", 0, 0, -213, 0, 0, 0, 0, 0, -43, -23, -279
"d:\HDSP_HYBRID\backend\src\modules\attendance\services\realtime-queue.service.ts", "TypeScript", 0, 0, -58, 0, 0, 0, 0, 0, -12, -4, -74
"d:\HDSP_HYBRID\backend\src\modules\attendance\services\retroactive-recalculation.service.ts", "TypeScript", 0, 0, -186, 0, 0, 0, 0, 0, -37, -28, -251
"d:\HDSP_HYBRID\backend\src\modules\attendance\services\roster-resolver.service.ts", "TypeScript", 0, 0, -443, 0, 0, 0, 0, 0, -38, -23, -504
"d:\HDSP_HYBRID\backend\src\modules\attendance\services\shift-rule-engine.service.ts", "TypeScript", 0, 0, -59, 0, 0, 0, 0, 0, 0, -9, -68
"d:\HDSP_HYBRID\backend\src\modules\audit\audit.module.ts", "TypeScript", 0, 0, -18, 0, 0, 0, 0, 0, -2, -2, -22
"d:\HDSP_HYBRID\backend\src\modules\audit\audit.processor.ts", "TypeScript", 0, 0, -39, 0, 0, 0, 0, 0, -3, -4, -46
"d:\HDSP_HYBRID\backend\src\modules\audit\audit.service.ts", "TypeScript", 0, 0, -38, 0, 0, 0, 0, 0, -21, -4, -63
"d:\HDSP_HYBRID\backend\src\modules\audit\entities\audit-log.entity.ts", "TypeScript", 0, 0, -37, 0, 0, 0, 0, 0, -5, -15, -57
"d:\HDSP_HYBRID\backend\src\modules\auth\__tests__\auth.service.spec.ts", "TypeScript", 0, 0, -191, 0, 0, 0, 0, 0, -4, -44, -239
"d:\HDSP_HYBRID\backend\src\modules\auth\auth.controller.ts", "TypeScript", 0, 0, -323, 0, 0, 0, 0, 0, -49, -36, -408
"d:\HDSP_HYBRID\backend\src\modules\auth\auth.module.ts", "TypeScript", 0, 0, -56, 0, 0, 0, 0, 0, -9, -2, -67
"d:\HDSP_HYBRID\backend\src\modules\auth\auth.service.ts", "TypeScript", 0, 0, -553, 0, 0, 0, 0, 0, -145, -91, -789
"d:\HDSP_HYBRID\backend\src\modules\auth\dto\change-password.dto.ts", "TypeScript", 0, 0, -16, 0, 0, 0, 0, 0, 0, -3, -19
"d:\HDSP_HYBRID\backend\src\modules\auth\dto\login.dto.ts", "TypeScript", 0, 0, -15, 0, 0, 0, 0, 0, 0, -3, -18
"d:\HDSP_HYBRID\backend\src\modules\auth\dto\refresh-token.dto.ts", "TypeScript", 0, 0, -8, 0, 0, 0, 0, 0, 0, -2, -10
"d:\HDSP_HYBRID\backend\src\modules\auth\entities\password-reset-request.entity.ts", "TypeScript", 0, 0, -54, 0, 0, 0, 0, 0, -5, -21, -80
"d:\HDSP_HYBRID\backend\src\modules\auth\password-reset.service.ts", "TypeScript", 0, 0, -277, 0, 0, 0, 0, 0, -52, -63, -392
"d:\HDSP_HYBRID\backend\src\modules\auth\setup.controller.ts", "TypeScript", 0, 0, -117, 0, 0, 0, 0, 0, 0, -10, -127
"d:\HDSP_HYBRID\backend\src\modules\auth\strategies\jwt.strategy.ts", "TypeScript", 0, 0, -129, 0, 0, 0, 0, 0, -58, -13, -200
"d:\HDSP_HYBRID\backend\src\modules\branch\branch.controller.ts", "TypeScript", 0, 0, -63, 0, 0, 0, 0, 0, -5, -8, -76
"d:\HDSP_HYBRID\backend\src\modules\branch\branch.module.ts", "TypeScript", 0, 0, -12, 0, 0, 0, 0, 0, 0, -2, -14
"d:\HDSP_HYBRID\backend\src\modules\branch\branch.service.ts", "TypeScript", 0, 0, -115, 0, 0, 0, 0, 0, -31, -25, -171
"d:\HDSP_HYBRID\backend\src\modules\cms\audit\cms-audit.controller.ts", "TypeScript", 0, 0, -25, 0, 0, 0, 0, 0, 0, -3, -28
"d:\HDSP_HYBRID\backend\src\modules\cms\audit\cms-audit.service.ts", "TypeScript", 0, 0, -60, 0, 0, 0, 0, 0, -10, -8, -78
"d:\HDSP_HYBRID\backend\src\modules\cms\cleanup\cms-asset-cleanup.controller.ts", "TypeScript", 0, 0, -16, 0, 0, 0, 0, 0, -1, -3, -20
"d:\HDSP_HYBRID\backend\src\modules\cms\cleanup\cms-asset-cleanup.service.ts", "TypeScript", 0, 0, -78, 0, 0, 0, 0, 0, -20, -10, -108
"d:\HDSP_HYBRID\backend\src\modules\cms\cms.module.ts", "TypeScript", 0, 0, -109, 0, 0, 0, 0, 0, -36, -19, -164
"d:\HDSP_HYBRID\backend\src\modules\cms\commands\cms-display-command.controller.ts", "TypeScript", 0, 0, -31, 0, 0, 0, 0, 0, 0, -6, -37
"d:\HDSP_HYBRID\backend\src\modules\cms\commands\cms-display-command.service.ts", "TypeScript", 0, 0, -86, 0, 0, 0, 0, 0, -17, -15, -118
"d:\HDSP_HYBRID\backend\src\modules\cms\display\cms-display.controller.ts", "TypeScript", 0, 0, -100, 0, 0, 0, 0, 0, -25, -18, -143
"d:\HDSP_HYBRID\backend\src\modules\cms\display\cms-display.service.ts", "TypeScript", 0, 0, -203, 0, 0, 0, 0, 0, -30, -30, -263
"d:\HDSP_HYBRID\backend\src\modules\cms\emergency\cms-emergency.controller.ts", "TypeScript", 0, 0, -49, 0, 0, 0, 0, 0, -20, -7, -76
"d:\HDSP_HYBRID\backend\src\modules\cms\emergency\cms-emergency.service.ts", "TypeScript", 0, 0, -88, 0, 0, 0, 0, 0, -13, -13, -114
"d:\HDSP_HYBRID\backend\src\modules\cms\entities\cms-audit-log.entity.ts", "TypeScript", 0, 0, -25, 0, 0, 0, 0, 0, -17, -11, -53
"d:\HDSP_HYBRID\backend\src\modules\cms\entities\cms-display-assignment.entity.ts", "TypeScript", 0, 0, -69, 0, 0, 0, 0, 0, -39, -37, -145
"d:\HDSP_HYBRID\backend\src\modules\cms\entities\cms-display-command.entity.ts", "TypeScript", 0, 0, -22, 0, 0, 0, 0, 0, -13, -10, -45
"d:\HDSP_HYBRID\backend\src\modules\cms\entities\cms-display-group.entity.ts", "TypeScript", 0, 0, -20, 0, 0, 0, 0, 0, -11, -9, -40
"d:\HDSP_HYBRID\backend\src\modules\cms\entities\cms-emergency-broadcast.entity.ts", "TypeScript", 0, 0, -24, 0, 0, 0, 0, 0, -19, -11, -54
"d:\HDSP_HYBRID\backend\src\modules\cms\entities\cms-media.entity.ts", "TypeScript", 0, 0, -39, 0, 0, 0, 0, 0, -28, -19, -86
"d:\HDSP_HYBRID\backend\src\modules\cms\entities\cms-player-log.entity.ts", "TypeScript", 0, 0, -18, 0, 0, 0, 0, 0, -14, -8, -40
"d:\HDSP_HYBRID\backend\src\modules\cms\entities\cms-playlist-item.entity.ts", "TypeScript", 0, 0, -32, 0, 0, 0, 0, 0, -30, -15, -77
"d:\HDSP_HYBRID\backend\src\modules\cms\entities\cms-playlist-schedule.entity.ts", "TypeScript", 0, 0, -32, 0, 0, 0, 0, 0, -21, -15, -68
"d:\HDSP_HYBRID\backend\src\modules\cms\entities\cms-playlist.entity.ts", "TypeScript", 0, 0, -28, 0, 0, 0, 0, 0, -17, -13, -58
"d:\HDSP_HYBRID\backend\src\modules\cms\entities\cms-publish-version.entity.ts", "TypeScript", 0, 0, -18, 0, 0, 0, 0, 0, -21, -8, -47
"d:\HDSP_HYBRID\backend\src\modules\cms\entities\cms-settings.entity.ts", "TypeScript", 0, 0, -28, 0, 0, 0, 0, 0, -12, -13, -53
"d:\HDSP_HYBRID\backend\src\modules\cms\entities\cms-ticker-message.entity.ts", "TypeScript", 0, 0, -35, 0, 0, 0, 0, 0, -35, -17, -87
"d:\HDSP_HYBRID\backend\src\modules\cms\groups\cms-display-group.controller.ts", "TypeScript", 0, 0, -48, 0, 0, 0, 0, 0, -1, -10, -59
"d:\HDSP_HYBRID\backend\src\modules\cms\groups\cms-display-group.service.ts", "TypeScript", 0, 0, -82, 0, 0, 0, 0, 0, -12, -10, -104
"d:\HDSP_HYBRID\backend\src\modules\cms\logs\cms-player-log.service.ts", "TypeScript", 0, 0, -59, 0, 0, 0, 0, 0, -15, -11, -85
"d:\HDSP_HYBRID\backend\src\modules\cms\media\_ci_test_violation.ts", "TypeScript", 0, 0, 0, 0, 0, 0, 0, 0, -6, -1, -7
"d:\HDSP_HYBRID\backend\src\modules\cms\media\_test2.ts", "TypeScript", 0, 0, 0, 0, 0, 0, 0, 0, -3, -1, -4
"d:\HDSP_HYBRID\backend\src\modules\cms\media\cms-media.controller.ts", "TypeScript", 0, 0, -123, 0, 0, 0, 0, 0, -12, -21, -156
"d:\HDSP_HYBRID\backend\src\modules\cms\media\cms-media.service.ts", "TypeScript", 0, 0, -101, 0, 0, 0, 0, 0, -18, -14, -133
"d:\HDSP_HYBRID\backend\src\modules\cms\media\image-dimensions.util.ts", "TypeScript", 0, 0, -34, 0, 0, 0, 0, 0, -9, -5, -48
"d:\HDSP_HYBRID\backend\src\modules\cms\playlist\cms-playlist.controller.ts", "TypeScript", 0, 0, -103, 0, 0, 0, 0, 0, -5, -23, -131
"d:\HDSP_HYBRID\backend\src\modules\cms\playlist\cms-playlist.service.ts", "TypeScript", 0, 0, -355, 0, 0, 0, 0, 0, -61, -56, -472
"d:\HDSP_HYBRID\backend\src\modules\cms\schedule\cms-schedule.controller.ts", "TypeScript", 0, 0, -37, 0, 0, 0, 0, 0, -1, -7, -45
"d:\HDSP_HYBRID\backend\src\modules\cms\schedule\cms-schedule.service.ts", "TypeScript", 0, 0, -127, 0, 0, 0, 0, 0, -27, -21, -175
"d:\HDSP_HYBRID\backend\src\modules\cms\settings\cms-settings.controller.ts", "TypeScript", 0, 0, -24, 0, 0, 0, 0, 0, 0, -5, -29
"d:\HDSP_HYBRID\backend\src\modules\cms\settings\cms-settings.service.ts", "TypeScript", 0, 0, -36, 0, 0, 0, 0, 0, -7, -6, -49
"d:\HDSP_HYBRID\backend\src\modules\cms\ticker\cms-ticker.controller.ts", "TypeScript", 0, 0, -45, 0, 0, 0, 0, 0, -13, -9, -67
"d:\HDSP_HYBRID\backend\src\modules\cms\ticker\cms-ticker.service.ts", "TypeScript", 0, 0, -155, 0, 0, 0, 0, 0, -28, -26, -209
"d:\HDSP_HYBRID\backend\src\modules\document-platform\ai-facades\document-ai-facades.service.ts", "TypeScript", 0, 0, -72, 0, 0, 0, 0, 0, -8, -18, -98
"d:\HDSP_HYBRID\backend\src\modules\document-platform\asset-library\asset-library.module.ts", "TypeScript", 0, 0, -12, 0, 0, 0, 0, 0, 0, -2, -14
"d:\HDSP_HYBRID\backend\src\modules\document-platform\asset-library\controllers\asset-library.controller.ts", "TypeScript", 0, 0, -45, 0, 0, 0, 0, 0, 0, -11, -56
"d:\HDSP_HYBRID\backend\src\modules\document-platform\asset-library\entities\asset.entity.ts", "TypeScript", 0, 0, -20, 0, 0, 0, 0, 0, 0, -9, -29
"d:\HDSP_HYBRID\backend\src\modules\document-platform\asset-library\services\asset-library.service.ts", "TypeScript", 0, 0, -33, 0, 0, 0, 0, 0, 0, -5, -38
"d:\HDSP_HYBRID\backend\src\modules\document-platform\compliance-engine\__tests__\compliance-validator.service.spec.ts", "TypeScript", 0, 0, -58, 0, 0, 0, 0, 0, 0, -11, -69
"d:\HDSP_HYBRID\backend\src\modules\document-platform\compliance-engine\__tests__\evidence-chain.listener.spec.ts", "TypeScript", 0, 0, -63, 0, 0, 0, 0, 0, 0, -13, -76
"d:\HDSP_HYBRID\backend\src\modules\document-platform\compliance-engine\__tests__\integrity-engine.service.spec.ts", "TypeScript", 0, 0, -32, 0, 0, 0, 0, 0, 0, -11, -43
"d:\HDSP_HYBRID\backend\src\modules\document-platform\compliance-engine\__tests__\signature-framework.service.spec.ts", "TypeScript", 0, 0, -59, 0, 0, 0, 0, 0, 0, -10, -69
"d:\HDSP_HYBRID\backend\src\modules\document-platform\compliance-engine\compliance-engine.module.ts", "TypeScript", 0, 0, -42, 0, 0, 0, 0, 0, 0, -2, -44
"d:\HDSP_HYBRID\backend\src\modules\document-platform\compliance-engine\entities\compliance-profile.entity.ts", "TypeScript", 0, 0, -34, 0, 0, 0, 0, 0, -2, -13, -49
"d:\HDSP_HYBRID\backend\src\modules\document-platform\compliance-engine\entities\document-signature.entity.ts", "TypeScript", 0, 0, -29, 0, 0, 0, 0, 0, -2, -13, -44
"d:\HDSP_HYBRID\backend\src\modules\document-platform\compliance-engine\entities\evidence-chain.entity.ts", "TypeScript", 0, 0, -30, 0, 0, 0, 0, 0, -4, -11, -45
"d:\HDSP_HYBRID\backend\src\modules\document-platform\compliance-engine\interfaces\document-renderer.interface.ts", "TypeScript", 0, 0, -10, 0, 0, 0, 0, 0, -6, -3, -19
"d:\HDSP_HYBRID\backend\src\modules\document-platform\compliance-engine\services\compliance-validator.service.ts", "TypeScript", 0, 0, -53, 0, 0, 0, 0, 0, -7, -10, -70
"d:\HDSP_HYBRID\backend\src\modules\document-platform\compliance-engine\services\document-rendering-engine.service.ts", "TypeScript", 0, 0, -21, 0, 0, 0, 0, 0, 0, -5, -26
"d:\HDSP_HYBRID\backend\src\modules\document-platform\compliance-engine\services\evidence-chain.listener.ts", "TypeScript", 0, 0, -45, 0, 0, 0, 0, 0, -1, -9, -55
"d:\HDSP_HYBRID\backend\src\modules\document-platform\compliance-engine\services\integrity-engine.service.ts", "TypeScript", 0, 0, -28, 0, 0, 0, 0, 0, -7, -8, -43
"d:\HDSP_HYBRID\backend\src\modules\document-platform\compliance-engine\services\renderers\pdf-document.renderer.ts", "TypeScript", 0, 0, -16, 0, 0, 0, 0, 0, -3, -5, -24
"d:\HDSP_HYBRID\backend\src\modules\document-platform\compliance-engine\services\signature-framework.service.ts", "TypeScript", 0, 0, -49, 0, 0, 0, 0, 0, -5, -10, -64
"d:\HDSP_HYBRID\backend\src\modules\document-platform\document-engine\__tests__\audit-trail.listener.spec.ts", "TypeScript", 0, 0, -46, 0, 0, 0, 0, 0, 0, -8, -54
"d:\HDSP_HYBRID\backend\src\modules\document-platform\document-engine\__tests__\document.service.spec.ts", "TypeScript", 0, 0, -117, 0, 0, 0, 0, 0, -11, -16, -144
"d:\HDSP_HYBRID\backend\src\modules\document-platform\document-engine\document-engine.module.ts", "TypeScript", 0, 0, -58, 0, 0, 0, 0, 0, -8, -3, -69
"d:\HDSP_HYBRID\backend\src\modules\document-platform\document-engine\document-type-registry\document-type-registry.service.ts", "TypeScript", 0, 0, -25, 0, 0, 0, 0, 0, -5, -6, -36
"d:\HDSP_HYBRID\backend\src\modules\document-platform\document-engine\document-type-registry\document-type.interface.ts", "TypeScript", 0, 0, -9, 0, 0, 0, 0, 0, -27, -1, -37
"d:\HDSP_HYBRID\backend\src\modules\document-platform\document-engine\entities\document-audit-trail.entity.ts", "TypeScript", 0, 0, -31, 0, 0, 0, 0, 0, -6, -14, -51
"d:\HDSP_HYBRID\backend\src\modules\document-platform\document-engine\entities\document-instance.entity.ts", "TypeScript", 0, 0, -45, 0, 0, 0, 0, 0, -7, -16, -68
"d:\HDSP_HYBRID\backend\src\modules\document-platform\document-engine\entities\document-override-version.entity.ts", "TypeScript", 0, 0, -20, 0, 0, 0, 0, 0, -4, -8, -32
"d:\HDSP_HYBRID\backend\src\modules\document-platform\document-engine\entities\document-override.entity.ts", "TypeScript", 0, 0, -18, 0, 0, 0, 0, 0, -11, -8, -37
"d:\HDSP_HYBRID\backend\src\modules\document-platform\document-engine\entities\document-signature.entity.ts", "TypeScript", 0, 0, -24, 0, 0, 0, 0, 0, -5, -11, -40
"d:\HDSP_HYBRID\backend\src\modules\document-platform\document-engine\entities\document-snapshot.entity.ts", "TypeScript", 0, 0, -37, 0, 0, 0, 0, 0, -8, -16, -61
"d:\HDSP_HYBRID\backend\src\modules\document-platform\document-engine\entities\document-version.entity.ts", "TypeScript", 0, 0, -24, 0, 0, 0, 0, 0, -7, -10, -41
"d:\HDSP_HYBRID\backend\src\modules\document-platform\document-engine\entities\document.entity.ts", "TypeScript", 0, 0, -25, 0, 0, 0, 0, 0, -8, -10, -43
"d:\HDSP_HYBRID\backend\src\modules\document-platform\document-engine\lifecycle\state-machine.ts", "TypeScript", 0, 0, -27, 0, 0, 0, 0, 0, -13, -7, -47
"d:\HDSP_HYBRID\backend\src\modules\document-platform\document-engine\pdf\pdf-engine.service.ts", "TypeScript", 0, 0, -31, 0, 0, 0, 0, 0, -26, -5, -62
"d:\HDSP_HYBRID\backend\src\modules\document-platform\document-engine\services\audit-trail.listener.ts", "TypeScript", 0, 0, -71, 0, 0, 0, 0, 0, 0, -7, -78
"d:\HDSP_HYBRID\backend\src\modules\document-platform\document-engine\services\default-signature-provider.service.ts", "TypeScript", 0, 0, -40, 0, 0, 0, 0, 0, -1, -8, -49
"d:\HDSP_HYBRID\backend\src\modules\document-platform\document-engine\services\document-instance.service.ts", "TypeScript", 0, 0, -101, 0, 0, 0, 0, 0, -25, -18, -144
"d:\HDSP_HYBRID\backend\src\modules\document-platform\document-engine\services\document-override.service.ts", "TypeScript", 0, 0, -63, 0, 0, 0, 0, 0, -1, -11, -75
"d:\HDSP_HYBRID\backend\src\modules\document-platform\document-engine\services\document-snapshot.service.ts", "TypeScript", 0, 0, -43, 0, 0, 0, 0, 0, 0, -4, -47
"d:\HDSP_HYBRID\backend\src\modules\document-platform\document-engine\services\document.service.ts", "TypeScript", 0, 0, -115, 0, 0, 0, 0, 0, -38, -17, -170
"d:\HDSP_HYBRID\backend\src\modules\document-platform\document-engine\services\pdf-archival.service.ts", "TypeScript", 0, 0, -25, 0, 0, 0, 0, 0, -7, -10, -42
"d:\HDSP_HYBRID\backend\src\modules\document-platform\document-engine\services\signature-provider.interface.ts", "TypeScript", 0, 0, -16, 0, 0, 0, 0, 0, -2, -4, -22
"d:\HDSP_HYBRID\backend\src\modules\document-platform\document-events\document.events.ts", "TypeScript", 0, 0, -37, 0, 0, 0, 0, 0, 0, -6, -43
"d:\HDSP_HYBRID\backend\src\modules\document-platform\document-platform.module.ts", "TypeScript", 0, 0, -23, 0, 0, 0, 0, 0, -7, -6, -36
"d:\HDSP_HYBRID\backend\src\modules\document-platform\forms-designer\__tests__\forms-designer.service.spec.ts", "TypeScript", 0, 0, -120, 0, 0, 0, 0, 0, -13, -16, -149
"d:\HDSP_HYBRID\backend\src\modules\document-platform\forms-designer\dto\create-form-document.dto.ts", "TypeScript", 0, 0, -15, 0, 0, 0, 0, 0, 0, -4, -19
"d:\HDSP_HYBRID\backend\src\modules\document-platform\forms-designer\dto\save-form-version.dto.ts", "TypeScript", 0, 0, -9, 0, 0, 0, 0, 0, 0, -2, -11
"d:\HDSP_HYBRID\backend\src\modules\document-platform\forms-designer\dto\save-override.dto.ts", "TypeScript", 0, 0, -20, 0, 0, 0, 0, 0, 0, -5, -25
"d:\HDSP_HYBRID\backend\src\modules\document-platform\forms-designer\forms-designer.controller.ts", "TypeScript", 0, 0, -113, 0, 0, 0, 0, 0, -13, -12, -138
"d:\HDSP_HYBRID\backend\src\modules\document-platform\forms-designer\forms-designer.module.ts", "TypeScript", 0, 0, -30, 0, 0, 0, 0, 0, -18, -3, -51
"d:\HDSP_HYBRID\backend\src\modules\document-platform\forms-designer\forms-designer.service.ts", "TypeScript", 0, 0, -53, 0, 0, 0, 0, 0, -22, -11, -86
"d:\HDSP_HYBRID\backend\src\modules\document-platform\forms-designer\pdf\form-pdf-renderer.ts", "TypeScript", 0, 0, -118, 0, 0, 0, 0, 0, -44, -15, -177
"d:\HDSP_HYBRID\backend\src\modules\document-platform\forms-import\__tests__\layout-analyzer.spec.ts", "TypeScript", 0, 0, -61, 0, 0, 0, 0, 0, -5, -12, -78
"d:\HDSP_HYBRID\backend\src\modules\document-platform\forms-import\__tests__\schema-generator.spec.ts", "TypeScript", 0, 0, -90, 0, 0, 0, 0, 0, 0, -13, -103
"d:\HDSP_HYBRID\backend\src\modules\document-platform\forms-import\__tests__\semantic-classifier.spec.ts", "TypeScript", 0, 0, -79, 0, 0, 0, 0, 0, -2, -10, -91
"d:\HDSP_HYBRID\backend\src\modules\document-platform\forms-import\classifier\ai-classifier-provider.interface.ts", "TypeScript", 0, 0, -31, 0, 0, 0, 0, 0, -22, -6, -59
"d:\HDSP_HYBRID\backend\src\modules\document-platform\forms-import\classifier\gemini-classifier.provider.ts", "TypeScript", 0, 0, -149, 0, 0, 0, 0, 0, -14, -12, -175
"d:\HDSP_HYBRID\backend\src\modules\document-platform\forms-import\classifier\rule-based-classifier.provider.ts", "TypeScript", 0, 0, -93, 0, 0, 0, 0, 0, -26, -20, -139
"d:\HDSP_HYBRID\backend\src\modules\document-platform\forms-import\classifier\semantic-classifier.ts", "TypeScript", 0, 0, -80, 0, 0, 0, 0, 0, -17, -12, -109
"d:\HDSP_HYBRID\backend\src\modules\document-platform\forms-import\entities\import-job.entity.ts", "TypeScript", 0, 0, -106, 0, 0, 0, 0, 0, -6, -27, -139
"d:\HDSP_HYBRID\backend\src\modules\document-platform\forms-import\forms-import.controller.ts", "TypeScript", 0, 0, -74, 0, 0, 0, 0, 0, -18, -7, -99
"d:\HDSP_HYBRID\backend\src\modules\document-platform\forms-import\forms-import.module.ts", "TypeScript", 0, 0, -36, 0, 0, 0, 0, 0, 0, -2, -38
"d:\HDSP_HYBRID\backend\src\modules\document-platform\forms-import\forms-import.service.ts", "TypeScript", 0, 0, -190, 0, 0, 0, 0, 0, -21, -33, -244
"d:\HDSP_HYBRID\backend\src\modules\document-platform\forms-import\layout\layout-analyzer.ts", "TypeScript", 0, 0, -127, 0, 0, 0, 0, 0, -19, -20, -166
"d:\HDSP_HYBRID\backend\src\modules\document-platform\forms-import\ocr\ocr-provider.interface.ts", "TypeScript", 0, 0, -6, 0, 0, 0, 0, 0, -11, -4, -21
"d:\HDSP_HYBRID\backend\src\modules\document-platform\forms-import\ocr\tesseract-ocr.provider.ts", "TypeScript", 0, 0, -115, 0, 0, 0, 0, 0, -20, -10, -145
"d:\HDSP_HYBRID\backend\src\modules\document-platform\forms-import\schema-gen\schema-generator.ts", "TypeScript", 0, 0, -99, 0, 0, 0, 0, 0, -13, -12, -124
"d:\HDSP_HYBRID\backend\src\modules\document-platform\forms-import\suggestions\suggestion-engine.ts", "TypeScript", 0, 0, -113, 0, 0, 0, 0, 0, -15, -14, -142
"d:\HDSP_HYBRID\backend\src\modules\document-platform\forms-runtime\__tests__\forms-runtime.service.spec.ts", "TypeScript", 0, 0, -302, 0, 0, 0, 0, 0, -40, -42, -384
"d:\HDSP_HYBRID\backend\src\modules\document-platform\forms-runtime\dto\create-form-instance.dto.ts", "TypeScript", 0, 0, -24, 0, 0, 0, 0, 0, 0, -6, -30
"d:\HDSP_HYBRID\backend\src\modules\document-platform\forms-runtime\dto\finalize-instance.dto.ts", "TypeScript", 0, 0, -8, 0, 0, 0, 0, 0, 0, -2, -10
"d:\HDSP_HYBRID\backend\src\modules\document-platform\forms-runtime\dto\save-answers.dto.ts", "TypeScript", 0, 0, -12, 0, 0, 0, 0, 0, 0, -3, -15
"d:\HDSP_HYBRID\backend\src\modules\document-platform\forms-runtime\execution-context\data-source-provider.interface.ts", "TypeScript", 0, 0, -12, 0, 0, 0, 0, 0, -8, -3, -23
"d:\HDSP_HYBRID\backend\src\modules\document-platform\forms-runtime\execution-context\execution-context.builder.ts", "TypeScript", 0, 0, -38, 0, 0, 0, 0, 0, -1, -8, -47
"d:\HDSP_HYBRID\backend\src\modules\document-platform\forms-runtime\execution-platform\computed-fields.engine.ts", "TypeScript", 0, 0, -13, 0, 0, 0, 0, 0, -11, -5, -29
"d:\HDSP_HYBRID\backend\src\modules\document-platform\forms-runtime\execution-platform\execution-metrics.interceptor.ts", "TypeScript", 0, 0, -15, 0, 0, 0, 0, 0, -7, -2, -24
"d:\HDSP_HYBRID\backend\src\modules\document-platform\forms-runtime\execution-platform\lifecycle-orchestrator.service.ts", "TypeScript", 0, 0, -106, 0, 0, 0, 0, 0, -23, -24, -153
"d:\HDSP_HYBRID\backend\src\modules\document-platform\forms-runtime\execution-platform\plugin-hook.service.ts", "TypeScript", 0, 0, -24, 0, 0, 0, 0, 0, -10, -7, -41
"d:\HDSP_HYBRID\backend\src\modules\document-platform\forms-runtime\forms-runtime.controller.ts", "TypeScript", 0, 0, -99, 0, 0, 0, 0, 0, -50, -8, -157
"d:\HDSP_HYBRID\backend\src\modules\document-platform\forms-runtime\forms-runtime.module.ts", "TypeScript", 0, 0, -25, 0, 0, 0, 0, 0, -17, -2, -44
"d:\HDSP_HYBRID\backend\src\modules\document-platform\forms-runtime\forms-runtime.service.ts", "TypeScript", 0, 0, -57, 0, 0, 0, 0, 0, -31, -12, -100
"d:\HDSP_HYBRID\backend\src\modules\document-platform\forms-runtime\plugin-registry.service.ts", "TypeScript", 0, 0, -14, 0, 0, 0, 0, 0, -3, -4, -21
"d:\HDSP_HYBRID\backend\src\modules\document-platform\workflow-engine\__tests__\task-engine.service.spec.ts", "TypeScript", 0, 0, -72, 0, 0, 0, 0, 0, -4, -13, -89
"d:\HDSP_HYBRID\backend\src\modules\document-platform\workflow-engine\__tests__\workflow-engine.service.spec.ts", "TypeScript", 0, 0, -160, 0, 0, 0, 0, 0, -10, -18, -188
"d:\HDSP_HYBRID\backend\src\modules\document-platform\workflow-engine\controllers\workflow.controller.ts", "TypeScript", 0, 0, -33, 0, 0, 0, 0, 0, -2, -5, -40
"d:\HDSP_HYBRID\backend\src\modules\document-platform\workflow-engine\entities\workflow-instance.entity.ts", "TypeScript", 0, 0, -26, 0, 0, 0, 0, 0, 0, -12, -38
"d:\HDSP_HYBRID\backend\src\modules\document-platform\workflow-engine\entities\workflow-task.entity.ts", "TypeScript", 0, 0, -40, 0, 0, 0, 0, 0, -1, -19, -60
"d:\HDSP_HYBRID\backend\src\modules\document-platform\workflow-engine\entities\workflow-template.entity.ts", "TypeScript", 0, 0, -19, 0, 0, 0, 0, 0, 0, -8, -27
"d:\HDSP_HYBRID\backend\src\modules\document-platform\workflow-engine\listeners\workflow-notification.listener.ts", "TypeScript", 0, 0, -12, 0, 0, 0, 0, 0, -1, -3, -16
"d:\HDSP_HYBRID\backend\src\modules\document-platform\workflow-engine\models\workflow-definition.ts", "TypeScript", 0, 0, -29, 0, 0, 0, 0, 0, -5, -8, -42
"d:\HDSP_HYBRID\backend\src\modules\document-platform\workflow-engine\services\task-engine.service.ts", "TypeScript", 0, 0, -89, 0, 0, 0, 0, 0, -6, -19, -114
"d:\HDSP_HYBRID\backend\src\modules\document-platform\workflow-engine\services\workflow-data-source.provider.ts", "TypeScript", 0, 0, -37, 0, 0, 0, 0, 0, 0, -9, -46
"d:\HDSP_HYBRID\backend\src\modules\document-platform\workflow-engine\services\workflow-timeline.service.ts", "TypeScript", 0, 0, -91, 0, 0, 0, 0, 0, -4, -11, -106
"d:\HDSP_HYBRID\backend\src\modules\document-platform\workflow-engine\workflow-engine.module.ts", "TypeScript", 0, 0, -42, 0, 0, 0, 0, 0, -2, -3, -47
"d:\HDSP_HYBRID\backend\src\modules\document-platform\workflow-engine\workflow-engine.service.ts", "TypeScript", 0, 0, -121, 0, 0, 0, 0, 0, -6, -25, -152
"d:\HDSP_HYBRID\backend\src\modules\eic\assessment\eic-assessment.controller.ts", "TypeScript", 0, 0, -106, 0, 0, 0, 0, 0, -1, -11, -118
"d:\HDSP_HYBRID\backend\src\modules\eic\assessment\eic-assessment.service.ts", "TypeScript", 0, 0, -223, 0, 0, 0, 0, 0, -21, -41, -285
"d:\HDSP_HYBRID\backend\src\modules\eic\common\enums\assessment-status.enum.ts", "TypeScript", 0, 0, -39, 0, 0, 0, 0, 0, 0, -7, -46
"d:\HDSP_HYBRID\backend\src\modules\eic\common\enums\discipline.enum.ts", "TypeScript", 0, 0, -16, 0, 0, 0, 0, 0, 0, -2, -18
"d:\HDSP_HYBRID\backend\src\modules\eic\common\enums\enrollment-status.enum.ts", "TypeScript", 0, 0, -7, 0, 0, 0, 0, 0, 0, -1, -8
"d:\HDSP_HYBRID\backend\src\modules\eic\discharge\eic-discharge.controller.ts", "TypeScript", 0, 0, -93, 0, 0, 0, 0, 0, 0, -9, -102
"d:\HDSP_HYBRID\backend\src\modules\eic\discharge\eic-discharge.service.ts", "TypeScript", 0, 0, -153, 0, 0, 0, 0, 0, -13, -29, -195
"d:\HDSP_HYBRID\backend\src\modules\eic\discipline-assignment\dto\create-discipline-assignment.dto.ts", "TypeScript", 0, 0, -16, 0, 0, 0, 0, 0, 0, -6, -22
"d:\HDSP_HYBRID\backend\src\modules\eic\discipline-assignment\eic-discipline-assignment.controller.ts", "TypeScript", 0, 0, -57, 0, 0, 0, 0, 0, 0, -6, -63
"d:\HDSP_HYBRID\backend\src\modules\eic\discipline-assignment\eic-discipline-assignment.service.ts", "TypeScript", 0, 0, -121, 0, 0, 0, 0, 0, -29, -17, -167
"d:\HDSP_HYBRID\backend\src\modules\eic\eic.module.ts", "TypeScript", 0, 0, -120, 0, 0, 0, 0, 0, -13, -9, -142
"d:\HDSP_HYBRID\backend\src\modules\eic\enrollment\dto\create-enrollment.dto.ts", "TypeScript", 0, 0, -44, 0, 0, 0, 0, 0, 0, -10, -54
"d:\HDSP_HYBRID\backend\src\modules\eic\enrollment\eic-enrollment.controller.ts", "TypeScript", 0, 0, -71, 0, 0, 0, 0, 0, 0, -7, -78
"d:\HDSP_HYBRID\backend\src\modules\eic\enrollment\eic-enrollment.service.ts", "TypeScript", 0, 0, -142, 0, 0, 0, 0, 0, -18, -25, -185
"d:\HDSP_HYBRID\backend\src\modules\eic\entities\eic-assessment.entity.ts", "TypeScript", 0, 0, -69, 0, 0, 0, 0, 0, -7, -27, -103
"d:\HDSP_HYBRID\backend\src\modules\eic\entities\eic-developmental-history.entity.ts", "TypeScript", 0, 0, -75, 0, 0, 0, 0, 0, -10, -34, -119
"d:\HDSP_HYBRID\backend\src\modules\eic\entities\eic-discharge-section.entity.ts", "TypeScript", 0, 0, -48, 0, 0, 0, 0, 0, -5, -17, -70
"d:\HDSP_HYBRID\backend\src\modules\eic\entities\eic-discharge-summary.entity.ts", "TypeScript", 0, 0, -52, 0, 0, 0, 0, 0, -5, -19, -76
"d:\HDSP_HYBRID\backend\src\modules\eic\entities\eic-discipline-progress-section.entity.ts", "TypeScript", 0, 0, -56, 0, 0, 0, 0, 0, -6, -21, -83
"d:\HDSP_HYBRID\backend\src\modules\eic\entities\eic-enrollment-discipline-assignment.entity.ts", "TypeScript", 0, 0, -45, 0, 0, 0, 0, 0, -9, -17, -71
"d:\HDSP_HYBRID\backend\src\modules\eic\entities\eic-goal.entity.ts", "TypeScript", 0, 0, -62, 0, 0, 0, 0, 0, -6, -26, -94
"d:\HDSP_HYBRID\backend\src\modules\eic\entities\eic-patient.entity.ts", "TypeScript", 0, 0, -76, 0, 0, 0, 0, 0, -10, -34, -120
"d:\HDSP_HYBRID\backend\src\modules\eic\entities\eic-preschool-assessment.entity.ts", "TypeScript", 0, 0, -51, 0, 0, 0, 0, 0, -6, -22, -79
"d:\HDSP_HYBRID\backend\src\modules\eic\entities\eic-preschool-daily-report.entity.ts", "TypeScript", 0, 0, -43, 0, 0, 0, 0, 0, -6, -18, -67
"d:\HDSP_HYBRID\backend\src\modules\eic\entities\eic-preschool-enrollment.entity.ts", "TypeScript", 0, 0, -45, 0, 0, 0, 0, 0, -5, -18, -68
"d:\HDSP_HYBRID\backend\src\modules\eic\entities\eic-progress-report.entity.ts", "TypeScript", 0, 0, -52, 0, 0, 0, 0, 0, -7, -19, -78
"d:\HDSP_HYBRID\backend\src\modules\eic\entities\eic-session-entry.entity.ts", "TypeScript", 0, 0, -35, 0, 0, 0, 0, 0, -6, -13, -54
"d:\HDSP_HYBRID\backend\src\modules\eic\entities\eic-therapy-enrollment.entity.ts", "TypeScript", 0, 0, -68, 0, 0, 0, 0, 0, -6, -24, -98
"d:\HDSP_HYBRID\backend\src\modules\eic\entities\eic-therapy-session.entity.ts", "TypeScript", 0, 0, -51, 0, 0, 0, 0, 0, -6, -18, -75
"d:\HDSP_HYBRID\backend\src\modules\eic\entities\eic-therapy-team-member.entity.ts", "TypeScript", 0, 0, -30, 0, 0, 0, 0, 0, -5, -11, -46
"d:\HDSP_HYBRID\backend\src\modules\eic\goal\eic-goal.controller.ts", "TypeScript", 0, 0, -87, 0, 0, 0, 0, 0, 0, -8, -95
"d:\HDSP_HYBRID\backend\src\modules\eic\goal\eic-goal.service.ts", "TypeScript", 0, 0, -140, 0, 0, 0, 0, 0, -10, -28, -178
"d:\HDSP_HYBRID\backend\src\modules\eic\patient\dto\create-patient.dto.ts", "TypeScript", 0, 0, -74, 0, 0, 0, 0, 0, 0, -16, -90
"d:\HDSP_HYBRID\backend\src\modules\eic\patient\eic-patient.controller.ts", "TypeScript", 0, 0, -136, 0, 0, 0, 0, 0, -12, -14, -162
"d:\HDSP_HYBRID\backend\src\modules\eic\patient\eic-patient.service.ts", "TypeScript", 0, 0, -269, 0, 0, 0, 0, 0, -53, -55, -377
"d:\HDSP_HYBRID\backend\src\modules\eic\preschool\eic-preschool.controller.ts", "TypeScript", 0, 0, -120, 0, 0, 0, 0, 0, -4, -16, -140
"d:\HDSP_HYBRID\backend\src\modules\eic\preschool\eic-preschool.service.ts", "TypeScript", 0, 0, -264, 0, 0, 0, 0, 0, -39, -46, -349
"d:\HDSP_HYBRID\backend\src\modules\eic\progress-report\eic-progress-report.controller.ts", "TypeScript", 0, 0, -96, 0, 0, 0, 0, 0, -7, -9, -112
"d:\HDSP_HYBRID\backend\src\modules\eic\progress-report\eic-progress-report.policy.ts", "TypeScript", 0, 0, -51, 0, 0, 0, 0, 0, 0, -8, -59
"d:\HDSP_HYBRID\backend\src\modules\eic\progress-report\eic-progress-report.service.ts", "TypeScript", 0, 0, -299, 0, 0, 0, 0, 0, -45, -52, -396
"d:\HDSP_HYBRID\backend\src\modules\eic\progress-report\report.events.ts", "TypeScript", 0, 0, -53, 0, 0, 0, 0, 0, -5, -8, -66
"d:\HDSP_HYBRID\backend\src\modules\eic\progress-report\workflow-policy.interface.ts", "TypeScript", 0, 0, -5, 0, 0, 0, 0, 0, -15, -3, -23
"d:\HDSP_HYBRID\backend\src\modules\eic\session\eic-session.controller.ts", "TypeScript", 0, 0, -102, 0, 0, 0, 0, 0, -1, -10, -113
"d:\HDSP_HYBRID\backend\src\modules\eic\session\eic-session.service.ts", "TypeScript", 0, 0, -177, 0, 0, 0, 0, 0, -18, -33, -228
"d:\HDSP_HYBRID\backend\src\modules\feedback\analytics\feedback-analytics.controller.ts", "TypeScript", 0, 0, -28, 0, 0, 0, 0, 0, -6, -3, -37
"d:\HDSP_HYBRID\backend\src\modules\feedback\analytics\feedback-analytics.service.ts", "TypeScript", 0, 0, -127, 0, 0, 0, 0, 0, -23, -13, -163
"d:\HDSP_HYBRID\backend\src\modules\feedback\audit\feedback-audit.controller.ts", "TypeScript", 0, 0, -22, 0, 0, 0, 0, 0, 0, -3, -25
"d:\HDSP_HYBRID\backend\src\modules\feedback\audit\feedback-audit.service.ts", "TypeScript", 0, 0, -58, 0, 0, 0, 0, 0, -17, -7, -82
"d:\HDSP_HYBRID\backend\src\modules\feedback\campaigns\feedback-campaign.controller.ts", "TypeScript", 0, 0, -49, 0, 0, 0, 0, 0, -4, -7, -60
"d:\HDSP_HYBRID\backend\src\modules\feedback\campaigns\feedback-campaign.service.ts", "TypeScript", 0, 0, -115, 0, 0, 0, 0, 0, -14, -11, -140
"d:\HDSP_HYBRID\backend\src\modules\feedback\complaints\feedback-complaint.controller.ts", "TypeScript", 0, 0, -41, 0, 0, 0, 0, 0, -7, -5, -53
"d:\HDSP_HYBRID\backend\src\modules\feedback\complaints\feedback-complaint.service.ts", "TypeScript", 0, 0, -122, 0, 0, 0, 0, 0, -28, -16, -166
"d:\HDSP_HYBRID\backend\src\modules\feedback\dto\feedback-campaign.dto.ts", "TypeScript", 0, 0, -86, 0, 0, 0, 0, 0, 0, -18, -104
"d:\HDSP_HYBRID\backend\src\modules\feedback\dto\feedback-complaint.dto.ts", "TypeScript", 0, 0, -48, 0, 0, 0, 0, 0, -8, -10, -66
"d:\HDSP_HYBRID\backend\src\modules\feedback\dto\feedback-form.dto.ts", "TypeScript", 0, 0, -35, 0, 0, 0, 0, 0, -7, -7, -49
"d:\HDSP_HYBRID\backend\src\modules\feedback\dto\feedback-qr.dto.ts", "TypeScript", 0, 0, -52, 0, 0, 0, 0, 0, 0, -12, -64
"d:\HDSP_HYBRID\backend\src\modules\feedback\dto\feedback-question.dto.ts", "TypeScript", 0, 0, -154, 0, 0, 0, 0, 0, -4, -35, -193
"d:\HDSP_HYBRID\backend\src\modules\feedback\dto\feedback-section.dto.ts", "TypeScript", 0, 0, -39, 0, 0, 0, 0, 0, 0, -8, -47
"d:\HDSP_HYBRID\backend\src\modules\feedback\dto\feedback-settings.dto.ts", "TypeScript", 0, 0, -40, 0, 0, 0, 0, 0, -9, -13, -62
"d:\HDSP_HYBRID\backend\src\modules\feedback\dto\feedback-submission.dto.ts", "TypeScript", 0, 0, -28, 0, 0, 0, 0, 0, -11, -6, -45
"d:\HDSP_HYBRID\backend\src\modules\feedback\dto\feedback-translation.dto.ts", "TypeScript", 0, 0, -50, 0, 0, 0, 0, 0, -1, -10, -61
"d:\HDSP_HYBRID\backend\src\modules\feedback\entities\feedback-answer.entity.ts", "TypeScript", 0, 0, -20, 0, 0, 0, 0, 0, -38, -9, -67
"d:\HDSP_HYBRID\backend\src\modules\feedback\entities\feedback-audit-log.entity.ts", "TypeScript", 0, 0, -24, 0, 0, 0, 0, 0, -23, -11, -58
"d:\HDSP_HYBRID\backend\src\modules\feedback\entities\feedback-campaign.entity.ts", "TypeScript", 0, 0, -34, 0, 0, 0, 0, 0, -20, -17, -71
"d:\HDSP_HYBRID\backend\src\modules\feedback\entities\feedback-complaint.entity.ts", "TypeScript", 0, 0, -39, 0, 0, 0, 0, 0, -23, -19, -81
"d:\HDSP_HYBRID\backend\src\modules\feedback\entities\feedback-form.entity.ts", "TypeScript", 0, 0, -40, 0, 0, 0, 0, 0, -43, -18, -101
"d:\HDSP_HYBRID\backend\src\modules\feedback\entities\feedback-language.entity.ts", "TypeScript", 0, 0, -16, 0, 0, 0, 0, 0, -18, -7, -41
"d:\HDSP_HYBRID\backend\src\modules\feedback\entities\feedback-notification.entity.ts", "TypeScript", 0, 0, -21, 0, 0, 0, 0, 0, -16, -10, -47
"d:\HDSP_HYBRID\backend\src\modules\feedback\entities\feedback-qr-code.entity.ts", "TypeScript", 0, 0, -33, 0, 0, 0, 0, 0, -18, -15, -66
"d:\HDSP_HYBRID\backend\src\modules\feedback\entities\feedback-question-condition.entity.ts", "TypeScript", 0, 0, -28, 0, 0, 0, 0, 0, -16, -11, -55
"d:\HDSP_HYBRID\backend\src\modules\feedback\entities\feedback-question-option.entity.ts", "TypeScript", 0, 0, -20, 0, 0, 0, 0, 0, -7, -8, -35
"d:\HDSP_HYBRID\backend\src\modules\feedback\entities\feedback-question-type.enum.ts", "TypeScript", 0, 0, -28, 0, 0, 0, 0, 0, -9, -5, -42
"d:\HDSP_HYBRID\backend\src\modules\feedback\entities\feedback-question.entity.ts", "TypeScript", 0, 0, -47, 0, 0, 0, 0, 0, -17, -20, -84
"d:\HDSP_HYBRID\backend\src\modules\feedback\entities\feedback-section.entity.ts", "TypeScript", 0, 0, -27, 0, 0, 0, 0, 0, -6, -11, -44
"d:\HDSP_HYBRID\backend\src\modules\feedback\entities\feedback-settings.entity.ts", "TypeScript", 0, 0, -36, 0, 0, 0, 0, 0, -33, -21, -90
"d:\HDSP_HYBRID\backend\src\modules\feedback\entities\feedback-submission.entity.ts", "TypeScript", 0, 0, -31, 0, 0, 0, 0, 0, -20, -15, -66
"d:\HDSP_HYBRID\backend\src\modules\feedback\entities\feedback-translation.entity.ts", "TypeScript", 0, 0, -23, 0, 0, 0, 0, 0, -22, -11, -56
"d:\HDSP_HYBRID\backend\src\modules\feedback\feedback.module.ts", "TypeScript", 0, 0, -115, 0, 0, 0, 0, 0, -80, -16, -211
"d:\HDSP_HYBRID\backend\src\modules\feedback\forms\feedback-form.controller.ts", "TypeScript", 0, 0, -161, 0, 0, 0, 0, 0, -26, -31, -218
"d:\HDSP_HYBRID\backend\src\modules\feedback\forms\feedback-form.service.ts", "TypeScript", 0, 0, -305, 0, 0, 0, 0, 0, -62, -33, -400
"d:\HDSP_HYBRID\backend\src\modules\feedback\languages\feedback-language.controller.ts", "TypeScript", 0, 0, -32, 0, 0, 0, 0, 0, -7, -5, -44
"d:\HDSP_HYBRID\backend\src\modules\feedback\languages\feedback-language.service.ts", "TypeScript", 0, 0, -30, 0, 0, 0, 0, 0, -1, -5, -36
"d:\HDSP_HYBRID\backend\src\modules\feedback\notifications\feedback-notification.controller.ts", "TypeScript", 0, 0, -42, 0, 0, 0, 0, 0, -5, -6, -53
"d:\HDSP_HYBRID\backend\src\modules\feedback\notifications\feedback-notification.service.ts", "TypeScript", 0, 0, -51, 0, 0, 0, 0, 0, -9, -10, -70
"d:\HDSP_HYBRID\backend\src\modules\feedback\public\feedback-public.controller.ts", "TypeScript", 0, 0, -35, 0, 0, 0, 0, 0, -11, -5, -51
"d:\HDSP_HYBRID\backend\src\modules\feedback\public\feedback-public.service.ts", "TypeScript", 0, 0, -216, 0, 0, 0, 0, 0, -61, -26, -303
"d:\HDSP_HYBRID\backend\src\modules\feedback\qr\feedback-qr.controller.ts", "TypeScript", 0, 0, -66, 0, 0, 0, 0, 0, -6, -10, -82
"d:\HDSP_HYBRID\backend\src\modules\feedback\qr\feedback-qr.service.ts", "TypeScript", 0, 0, -126, 0, 0, 0, 0, 0, -22, -17, -165
"d:\HDSP_HYBRID\backend\src\modules\feedback\questions\feedback-question.controller.ts", "TypeScript", 0, 0, -82, 0, 0, 0, 0, 0, -12, -15, -109
"d:\HDSP_HYBRID\backend\src\modules\feedback\questions\feedback-question.service.ts", "TypeScript", 0, 0, -250, 0, 0, 0, 0, 0, -15, -30, -295
"d:\HDSP_HYBRID\backend\src\modules\feedback\reports\feedback-report.controller.ts", "TypeScript", 0, 0, -70, 0, 0, 0, 0, 0, -12, -6, -88
"d:\HDSP_HYBRID\backend\src\modules\feedback\reports\feedback-report.service.ts", "TypeScript", 0, 0, -142, 0, 0, 0, 0, 0, -16, -19, -177
"d:\HDSP_HYBRID\backend\src\modules\feedback\responses\feedback-response.controller.ts", "TypeScript", 0, 0, -26, 0, 0, 0, 0, 0, -5, -4, -35
"d:\HDSP_HYBRID\backend\src\modules\feedback\responses\feedback-response.service.ts", "TypeScript", 0, 0, -46, 0, 0, 0, 0, 0, -9, -7, -62
"d:\HDSP_HYBRID\backend\src\modules\feedback\settings\feedback-settings.controller.ts", "TypeScript", 0, 0, -28, 0, 0, 0, 0, 0, -5, -4, -37
"d:\HDSP_HYBRID\backend\src\modules\feedback\settings\feedback-settings.service.ts", "TypeScript", 0, 0, -61, 0, 0, 0, 0, 0, -72, -12, -145
"d:\HDSP_HYBRID\backend\src\modules\feedback\translations\feedback-translation.controller.ts", "TypeScript", 0, 0, -44, 0, 0, 0, 0, 0, -7, -5, -56
"d:\HDSP_HYBRID\backend\src\modules\feedback\translations\feedback-translation.service.ts", "TypeScript", 0, 0, -125, 0, 0, 0, 0, 0, -29, -20, -174
"d:\HDSP_HYBRID\backend\src\modules\his\__tests__\oracle-transport.conformance.spec.ts", "TypeScript", 0, 0, -102, 0, 0, 0, 0, 0, -29, -21, -152
"d:\HDSP_HYBRID\backend\src\modules\his\billing\billing.service.ts", "TypeScript", 0, 0, -231, 0, 0, 0, 0, 0, -30, -36, -297
"d:\HDSP_HYBRID\backend\src\modules\his\billing\his-loyalty-bridge.service.ts", "TypeScript", 0, 0, -176, 0, 0, 0, 0, 0, -33, -18, -227
"d:\HDSP_HYBRID\backend\src\modules\his\cloud-oracle.transport.ts", "TypeScript", 0, 0, -106, 0, 0, 0, 0, 0, -87, -22, -215
"d:\HDSP_HYBRID\backend\src\modules\his\config\his-config.helpers.ts", "TypeScript", 0, 0, -39, 0, 0, 0, 0, 0, -76, -6, -121
"d:\HDSP_HYBRID\backend\src\modules\his\config\his-config.module.ts", "TypeScript", 0, 0, -35, 0, 0, 0, 0, 0, -23, -2, -60
"d:\HDSP_HYBRID\backend\src\modules\his\config\his-config.service.ts", "TypeScript", 0, 0, -120, 0, 0, 0, 0, 0, -42, -18, -180
"d:\HDSP_HYBRID\backend\src\modules\his\config\his-schema-config.entity.ts", "TypeScript", 0, 0, -17, 0, 0, 0, 0, 0, -19, -6, -42
"d:\HDSP_HYBRID\backend\src\modules\his\direct-oracle.transport.ts", "TypeScript", 0, 0, -32, 0, 0, 0, 0, 0, -12, -7, -51
"d:\HDSP_HYBRID\backend\src\modules\his\his.controller.ts", "TypeScript", 0, 0, -155, 0, 0, 0, 0, 0, -27, -17, -199
"d:\HDSP_HYBRID\backend\src\modules\his\his.module.ts", "TypeScript", 0, 0, -43, 0, 0, 0, 0, 0, 0, -2, -45
"d:\HDSP_HYBRID\backend\src\modules\his\his.types.ts", "TypeScript", 0, 0, -88, 0, 0, 0, 0, 0, -7, -8, -103
"d:\HDSP_HYBRID\backend\src\modules\his\oracle-pool.service.ts", "TypeScript", 0, 0, -115, 0, 0, 0, 0, 0, -40, -15, -170
"d:\HDSP_HYBRID\backend\src\modules\his\patient\patient.service.ts", "TypeScript", 0, 0, -224, 0, 0, 0, 0, 0, -18, -31, -273
"d:\HDSP_HYBRID\backend\src\modules\his\reference\__tests__\reference.service.spec.ts", "TypeScript", 0, 0, -86, 0, 0, 0, 0, 0, 0, -16, -102
"d:\HDSP_HYBRID\backend\src\modules\his\reference\reference.service.ts", "TypeScript", 0, 0, -222, 0, 0, 0, 0, 0, -16, -32, -270
"d:\HDSP_HYBRID\backend\src\modules\his\sync\his-sync.controller.ts", "TypeScript", 0, 0, -55, 0, 0, 0, 0, 0, -22, -6, -83
"d:\HDSP_HYBRID\backend\src\modules\his\sync\his-sync.module.ts", "TypeScript", 0, 0, -23, 0, 0, 0, 0, 0, -9, -2, -34
"d:\HDSP_HYBRID\backend\src\modules\his\sync\his-sync.scheduler.ts", "TypeScript", 0, 0, -55, 0, 0, 0, 0, 0, -32, -12, -99
"d:\HDSP_HYBRID\backend\src\modules\his\sync\his-sync.service.ts", "TypeScript", 0, 0, -334, 0, 0, 0, 0, 0, -89, -43, -466
"d:\HDSP_HYBRID\backend\src\modules\his\token\his-bridge.processor.ts", "TypeScript", 0, 0, -18, 0, 0, 0, 0, 0, -12, -6, -36
"d:\HDSP_HYBRID\backend\src\modules\his\token\his-token-bridge.service.ts", "TypeScript", 0, 0, -279, 0, 0, 0, 0, 0, -78, -27, -384
"d:\HDSP_HYBRID\backend\src\modules\his\visit\visit.service.ts", "TypeScript", 0, 0, -109, 0, 0, 0, 0, 0, 0, -15, -124
"d:\HDSP_HYBRID\backend\src\modules\licensing\__tests__\license-provider.conformance.spec.ts", "TypeScript", 0, 0, -105, 0, 0, 0, 0, 0, -13, -11, -129
"d:\HDSP_HYBRID\backend\src\modules\licensing\__tests__\license.service.spec.ts", "TypeScript", 0, 0, -135, 0, 0, 0, 0, 0, -7, -31, -173
"d:\HDSP_HYBRID\backend\src\modules\licensing\decorators\require-module.decorator.ts", "TypeScript", 0, 0, -3, 0, 0, 0, 0, 0, -8, -3, -14
"d:\HDSP_HYBRID\backend\src\modules\licensing\dto\license-request.dto.ts", "TypeScript", 0, 0, -16, 0, 0, 0, 0, 0, 0, -3, -19
"d:\HDSP_HYBRID\backend\src\modules\licensing\dto\register-hospital.dto.ts", "TypeScript", 0, 0, -19, 0, 0, 0, 0, 0, 0, -6, -25
"d:\HDSP_HYBRID\backend\src\modules\licensing\dto\upload-license.dto.ts", "TypeScript", 0, 0, -8, 0, 0, 0, 0, 0, 0, -2, -10
"d:\HDSP_HYBRID\backend\src\modules\licensing\dto\vendor-webhook.dto.ts", "TypeScript", 0, 0, -78, 0, 0, 0, 0, 0, -33, -17, -128
"d:\HDSP_HYBRID\backend\src\modules\licensing\entities\license-master.entity.ts", "TypeScript", 0, 0, -39, 0, 0, 0, 0, 0, -5, -18, -62
"d:\HDSP_HYBRID\backend\src\modules\licensing\entities\license-request.entity.ts", "TypeScript", 0, 0, -27, 0, 0, 0, 0, 0, -9, -12, -48
"d:\HDSP_HYBRID\backend\src\modules\licensing\entities\subscription-license.entity.ts", "TypeScript", 0, 0, -35, 0, 0, 0, 0, 0, -26, -16, -77
"d:\HDSP_HYBRID\backend\src\modules\licensing\entities\vendor-registration.entity.ts", "TypeScript", 0, 0, -33, 0, 0, 0, 0, 0, -10, -15, -58
"d:\HDSP_HYBRID\backend\src\modules\licensing\license.controller.ts", "TypeScript", 0, 0, -225, 0, 0, 0, 0, 0, -31, -29, -285
"d:\HDSP_HYBRID\backend\src\modules\licensing\license.guard.ts", "TypeScript", 0, 0, -34, 0, 0, 0, 0, 0, -10, -8, -52
"d:\HDSP_HYBRID\backend\src\modules\licensing\license.module.ts", "TypeScript", 0, 0, -48, 0, 0, 0, 0, 0, -10, -2, -60
"d:\HDSP_HYBRID\backend\src\modules\licensing\license.service.ts", "TypeScript", 0, 0, -470, 0, 0, 0, 0, 0, -107, -64, -641
"d:\HDSP_HYBRID\backend\src\modules\licensing\providers\file-license.provider.ts", "TypeScript", 0, 0, -13, 0, 0, 0, 0, 0, -16, -3, -32
"d:\HDSP_HYBRID\backend\src\modules\licensing\providers\subscription-license.provider.ts", "TypeScript", 0, 0, -63, 0, 0, 0, 0, 0, -23, -8, -94
"d:\HDSP_HYBRID\backend\src\modules\licensing\vendor-sync.service.ts", "TypeScript", 0, 0, -193, 0, 0, 0, 0, 0, -6, -31, -230
"d:\HDSP_HYBRID\backend\src\modules\loyalty\campaign\campaign.controller.ts", "TypeScript", 0, 0, -76, 0, 0, 0, 0, 0, -1, -9, -86
"d:\HDSP_HYBRID\backend\src\modules\loyalty\campaign\campaign.scheduler.ts", "TypeScript", 0, 0, -92, 0, 0, 0, 0, 0, -13, -15, -120
"d:\HDSP_HYBRID\backend\src\modules\loyalty\campaign\campaign.service.ts", "TypeScript", 0, 0, -141, 0, 0, 0, 0, 0, -21, -18, -180
"d:\HDSP_HYBRID\backend\src\modules\loyalty\dto\campaign.dto.ts", "TypeScript", 0, 0, -73, 0, 0, 0, 0, 0, -2, -14, -89
"d:\HDSP_HYBRID\backend\src\modules\loyalty\dto\card-config.dto.ts", "TypeScript", 0, 0, -60, 0, 0, 0, 0, 0, 0, -10, -70
"d:\HDSP_HYBRID\backend\src\modules\loyalty\dto\earn-points.dto.ts", "TypeScript", 0, 0, -33, 0, 0, 0, 0, 0, 0, -6, -39
"d:\HDSP_HYBRID\backend\src\modules\loyalty\dto\enroll.dto.ts", "TypeScript", 0, 0, -23, 0, 0, 0, 0, 0, 0, -5, -28
"d:\HDSP_HYBRID\backend\src\modules\loyalty\dto\redeem.dto.ts", "TypeScript", 0, 0, -36, 0, 0, 0, 0, 0, 0, -9, -45
"d:\HDSP_HYBRID\backend\src\modules\loyalty\entities\campaign.entity.ts", "TypeScript", 0, 0, -40, 0, 0, 0, 0, 0, -5, -18, -63
"d:\HDSP_HYBRID\backend\src\modules\loyalty\entities\card-category.entity.ts", "TypeScript", 0, 0, -40, 0, 0, 0, 0, 0, -16, -17, -73
"d:\HDSP_HYBRID\backend\src\modules\loyalty\entities\loyalty-account.entity.ts", "TypeScript", 0, 0, -58, 0, 0, 0, 0, 0, -6, -25, -89
"d:\HDSP_HYBRID\backend\src\modules\loyalty\entities\loyalty-transaction.entity.ts", "TypeScript", 0, 0, -47, 0, 0, 0, 0, 0, -5, -20, -72
"d:\HDSP_HYBRID\backend\src\modules\loyalty\entities\reward-catalog.entity.ts", "TypeScript", 0, 0, -30, 0, 0, 0, 0, 0, -7, -13, -50
"d:\HDSP_HYBRID\backend\src\modules\loyalty\entities\reward-redemption.entity.ts", "TypeScript", 0, 0, -37, 0, 0, 0, 0, 0, -5, -14, -56
"d:\HDSP_HYBRID\backend\src\modules\loyalty\loyalty.controller.ts", "TypeScript", 0, 0, -185, 0, 0, 0, 0, 0, -13, -18, -216
"d:\HDSP_HYBRID\backend\src\modules\loyalty\loyalty.module.ts", "TypeScript", 0, 0, -63, 0, 0, 0, 0, 0, -17, -2, -82
"d:\HDSP_HYBRID\backend\src\modules\loyalty\loyalty.processor.ts", "TypeScript", 0, 0, -32, 0, 0, 0, 0, 0, -5, -5, -42
"d:\HDSP_HYBRID\backend\src\modules\loyalty\services\__tests__\point-engine.service.spec.ts", "TypeScript", 0, 0, -202, 0, 0, 0, 0, 0, -7, -49, -258
"d:\HDSP_HYBRID\backend\src\modules\loyalty\services\card-config.service.ts", "TypeScript", 0, 0, -88, 0, 0, 0, 0, 0, -12, -13, -113
"d:\HDSP_HYBRID\backend\src\modules\loyalty\services\enrollment.service.ts", "TypeScript", 0, 0, -291, 0, 0, 0, 0, 0, -53, -32, -376
"d:\HDSP_HYBRID\backend\src\modules\loyalty\services\point-engine.service.ts", "TypeScript", 0, 0, -86, 0, 0, 0, 0, 0, -20, -20, -126
"d:\HDSP_HYBRID\backend\src\modules\loyalty\services\redemption.service.ts", "TypeScript", 0, 0, -224, 0, 0, 0, 0, 0, -27, -23, -274
"d:\HDSP_HYBRID\backend\src\modules\loyalty\services\transaction.service.ts", "TypeScript", 0, 0, -451, 0, 0, 0, 0, 0, -40, -49, -540
"d:\HDSP_HYBRID\backend\src\modules\notifications\dto\notification.dto.ts", "TypeScript", 0, 0, -69, 0, 0, 0, 0, 0, 0, -24, -93
"d:\HDSP_HYBRID\backend\src\modules\notifications\entities\notification-log.entity.ts", "TypeScript", 0, 0, -46, 0, 0, 0, 0, 0, -13, -18, -77
"d:\HDSP_HYBRID\backend\src\modules\notifications\entities\notification-template.entity.ts", "TypeScript", 0, 0, -33, 0, 0, 0, 0, 0, -24, -13, -70
"d:\HDSP_HYBRID\backend\src\modules\notifications\notification.controller.ts", "TypeScript", 0, 0, -109, 0, 0, 0, 0, 0, -10, -13, -132
"d:\HDSP_HYBRID\backend\src\modules\notifications\notification.module.ts", "TypeScript", 0, 0, -51, 0, 0, 0, 0, 0, -32, -2, -85
"d:\HDSP_HYBRID\backend\src\modules\notifications\notification.processor.ts", "TypeScript", 0, 0, -74, 0, 0, 0, 0, 0, -8, -18, -100
"d:\HDSP_HYBRID\backend\src\modules\notifications\notification.service.ts", "TypeScript", 0, 0, -185, 0, 0, 0, 0, 0, -28, -31, -244
"d:\HDSP_HYBRID\backend\src\modules\notifications\notification.types.ts", "TypeScript", 0, 0, -27, 0, 0, 0, 0, 0, -9, -5, -41
"d:\HDSP_HYBRID\backend\src\modules\notifications\providers\__tests__\notification-provider.conformance.spec.ts", "TypeScript", 0, 0, -138, 0, 0, 0, 0, 0, -21, -20, -179
"d:\HDSP_HYBRID\backend\src\modules\notifications\providers\cloud-notification.provider.ts", "TypeScript", 0, 0, -93, 0, 0, 0, 0, 0, -28, -9, -130
"d:\HDSP_HYBRID\backend\src\modules\notifications\providers\local-notification.provider.ts", "TypeScript", 0, 0, -50, 0, 0, 0, 0, 0, -32, -9, -91
"d:\HDSP_HYBRID\backend\src\modules\notifications\providers\whatsapp.transport.ts", "TypeScript", 0, 0, -15, 0, 0, 0, 0, 0, -9, -3, -27
"d:\HDSP_HYBRID\backend\src\modules\notifications\whatsapp.service.ts", "TypeScript", 0, 0, -77, 0, 0, 0, 0, 0, -15, -11, -103
"d:\HDSP_HYBRID\backend\src\modules\platform\feature-flags\decorators\require-feature.decorator.ts", "TypeScript", 0, 0, -3, 0, 0, 0, 0, 0, -17, -3, -23
"d:\HDSP_HYBRID\backend\src\modules\platform\feature-flags\dto\upsert-feature-flag.dto.ts", "TypeScript", 0, 0, -21, 0, 0, 0, 0, 0, -7, -6, -34
"d:\HDSP_HYBRID\backend\src\modules\platform\feature-flags\entities\feature-flag.entity.ts", "TypeScript", 0, 0, -25, 0, 0, 0, 0, 0, -29, -11, -65
"d:\HDSP_HYBRID\backend\src\modules\platform\feature-flags\feature-flags-admin.controller.ts", "TypeScript", 0, 0, -33, 0, 0, 0, 0, 0, -12, -4, -49
"d:\HDSP_HYBRID\backend\src\modules\platform\feature-flags\feature-flags.module.ts", "TypeScript", 0, 0, -13, 0, 0, 0, 0, 0, -8, -2, -23
"d:\HDSP_HYBRID\backend\src\modules\platform\feature-flags\feature-flags.service.ts", "TypeScript", 0, 0, -95, 0, 0, 0, 0, 0, -35, -18, -148
"d:\HDSP_HYBRID\backend\src\modules\platform\feature-flags\guards\require-feature.guard.ts", "TypeScript", 0, 0, -28, 0, 0, 0, 0, 0, -15, -5, -48
"d:\HDSP_HYBRID\backend\src\modules\platform\infrastructure\licensing\license-provider.interface.ts", "TypeScript", 0, 0, -19, 0, 0, 0, 0, 0, -24, -2, -45
"d:\HDSP_HYBRID\backend\src\modules\platform\infrastructure\notifications\notification-provider.interface.ts", "TypeScript", 0, 0, -15, 0, 0, 0, 0, 0, -52, -8, -75
"d:\HDSP_HYBRID\backend\src\modules\platform\infrastructure\notifications\notification-transport.interface.ts", "TypeScript", 0, 0, -8, 0, 0, 0, 0, 0, -21, -1, -30
"d:\HDSP_HYBRID\backend\src\modules\platform\infrastructure\oracle\oracle-transport.interface.ts", "TypeScript", 0, 0, -18, 0, 0, 0, 0, 0, -38, -6, -62
"d:\HDSP_HYBRID\backend\src\modules\platform\infrastructure\platform-infrastructure.module.ts", "TypeScript", 0, 0, -19, 0, 0, 0, 0, 0, -4, -2, -25
"d:\HDSP_HYBRID\backend\src\modules\platform\infrastructure\secrets\environment-secrets.provider.ts", "TypeScript", 0, 0, -11, 0, 0, 0, 0, 0, -1, -3, -15
"d:\HDSP_HYBRID\backend\src\modules\platform\infrastructure\secrets\secrets.interface.ts", "TypeScript", 0, 0, -3, 0, 0, 0, 0, 0, -3, -1, -7
"d:\HDSP_HYBRID\backend\src\modules\platform\infrastructure\tokens.ts", "TypeScript", 0, 0, -6, 0, 0, 0, 0, 0, -19, -1, -26
"d:\HDSP_HYBRID\backend\src\modules\platform\platform.module.ts", "TypeScript", 0, 0, -20, 0, 0, 0, 0, 0, 0, -2, -22
"d:\HDSP_HYBRID\backend\src\modules\platform\services\ai-platform\adapters\azure-openai.provider.ts", "TypeScript", 0, 0, -43, 0, 0, 0, 0, 0, 0, -4, -47
"d:\HDSP_HYBRID\backend\src\modules\platform\services\ai-platform\adapters\google-gemini.provider.ts", "TypeScript", 0, 0, -43, 0, 0, 0, 0, 0, -1, -4, -48
"d:\HDSP_HYBRID\backend\src\modules\platform\services\ai-platform\adapters\ollama.provider.ts", "TypeScript", 0, 0, -43, 0, 0, 0, 0, 0, 0, -4, -47
"d:\HDSP_HYBRID\backend\src\modules\platform\services\ai-platform\adapters\openai-compatible.provider.ts", "TypeScript", 0, 0, -43, 0, 0, 0, 0, 0, 0, -4, -47
"d:\HDSP_HYBRID\backend\src\modules\platform\services\ai-platform\adapters\openai.provider.ts", "TypeScript", 0, 0, -43, 0, 0, 0, 0, 0, 0, -4, -47
"d:\HDSP_HYBRID\backend\src\modules\platform\services\ai-platform\administration\ai-administration.facade.ts", "TypeScript", 0, 0, -16, 0, 0, 0, 0, 0, -5, -7, -28
"d:\HDSP_HYBRID\backend\src\modules\platform\services\ai-platform\administration\policy-simulator.service.ts", "TypeScript", 0, 0, -21, 0, 0, 0, 0, 0, -1, -5, -27
"d:\HDSP_HYBRID\backend\src\modules\platform\services\ai-platform\ai-platform.module.ts", "TypeScript", 0, 0, -57, 0, 0, 0, 0, 0, -1, -2, -60
"d:\HDSP_HYBRID\backend\src\modules\platform\services\ai-platform\approval\ai-approval-framework.ts", "TypeScript", 0, 0, -18, 0, 0, 0, 0, 0, 0, -3, -21
"d:\HDSP_HYBRID\backend\src\modules\platform\services\ai-platform\audit\audit-replay.service.ts", "TypeScript", 0, 0, -28, 0, 0, 0, 0, 0, -3, -7, -38
"d:\HDSP_HYBRID\backend\src\modules\platform\services\ai-platform\capabilities\ai-capability-registry.service.ts", "TypeScript", 0, 0, -30, 0, 0, 0, 0, 0, 0, -6, -36
"d:\HDSP_HYBRID\backend\src\modules\platform\services\ai-platform\clinical-safety\clinical-safety.engine.ts", "TypeScript", 0, 0, -44, 0, 0, 0, 0, 0, -1, -10, -55
"d:\HDSP_HYBRID\backend\src\modules\platform\services\ai-platform\context\ai-context.builder.ts", "TypeScript", 0, 0, -53, 0, 0, 0, 0, 0, -6, -9, -68
"d:\HDSP_HYBRID\backend\src\modules\platform\services\ai-platform\cost\ai-cost-calculator.service.ts", "TypeScript", 0, 0, -17, 0, 0, 0, 0, 0, 0, -6, -23
"d:\HDSP_HYBRID\backend\src\modules\platform\services\ai-platform\cost\ai-cost-tracker.service.ts", "TypeScript", 0, 0, -13, 0, 0, 0, 0, 0, -4, -4, -21
"d:\HDSP_HYBRID\backend\src\modules\platform\services\ai-platform\cost\ai-rate-limiter.service.ts", "TypeScript", 0, 0, -9, 0, 0, 0, 0, 0, -2, -3, -14
"d:\HDSP_HYBRID\backend\src\modules\platform\services\ai-platform\cost\cost-forecasting.service.ts", "TypeScript", 0, 0, -32, 0, 0, 0, 0, 0, 0, -5, -37
"d:\HDSP_HYBRID\backend\src\modules\platform\services\ai-platform\cost\pricing.repository.ts", "TypeScript", 0, 0, -32, 0, 0, 0, 0, 0, -1, -5, -38
"d:\HDSP_HYBRID\backend\src\modules\platform\services\ai-platform\entities\ai-audit-trail.entity.ts", "TypeScript", 0, 0, -54, 0, 0, 0, 0, 0, -2, -26, -82
"d:\HDSP_HYBRID\backend\src\modules\platform\services\ai-platform\entities\ai-traceability.entity.ts", "TypeScript", 0, 0, -19, 0, 0, 0, 0, 0, -4, -7, -30
"d:\HDSP_HYBRID\backend\src\modules\platform\services\ai-platform\entities\ai-usage.entity.ts", "TypeScript", 0, 0, -28, 0, 0, 0, 0, 0, 0, -13, -41
"d:\HDSP_HYBRID\backend\src\modules\platform\services\ai-platform\entities\prompt-template.entity.ts", "TypeScript", 0, 0, -49, 0, 0, 0, 0, 0, 0, -23, -72
"d:\HDSP_HYBRID\backend\src\modules\platform\services\ai-platform\evaluation\ai-benchmark.framework.ts", "TypeScript", 0, 0, -57, 0, 0, 0, 0, 0, -1, -6, -64
"d:\HDSP_HYBRID\backend\src\modules\platform\services\ai-platform\evaluation\ai-evaluation-framework.service.ts", "TypeScript", 0, 0, -32, 0, 0, 0, 0, 0, -2, -6, -40
"d:\HDSP_HYBRID\backend\src\modules\platform\services\ai-platform\evaluation\entities\evaluation-dataset.entity.ts", "TypeScript", 0, 0, -15, 0, 0, 0, 0, 0, 0, -3, -18
"d:\HDSP_HYBRID\backend\src\modules\platform\services\ai-platform\evaluation\evaluation-dataset.repository.ts", "TypeScript", 0, 0, -18, 0, 0, 0, 0, 0, 0, -5, -23
"d:\HDSP_HYBRID\backend\src\modules\platform\services\ai-platform\evaluation\prompt-evaluation.system.ts", "TypeScript", 0, 0, -35, 0, 0, 0, 0, 0, -1, -6, -42
"d:\HDSP_HYBRID\backend\src\modules\platform\services\ai-platform\exceptions\ai-exceptions.ts", "TypeScript", 0, 0, -42, 0, 0, 0, 0, 0, 0, -7, -49
"d:\HDSP_HYBRID\backend\src\modules\platform\services\ai-platform\feature-flags\ai-feature-flags.service.ts", "TypeScript", 0, 0, -16, 0, 0, 0, 0, 0, -3, -6, -25
"d:\HDSP_HYBRID\backend\src\modules\platform\services\ai-platform\governance\ai-governance-policy.interface.ts", "TypeScript", 0, 0, -11, 0, 0, 0, 0, 0, -4, -3, -18
"d:\HDSP_HYBRID\backend\src\modules\platform\services\ai-platform\governance\ai-request-classification.ts", "TypeScript", 0, 0, -15, 0, 0, 0, 0, 0, 0, -2, -17
"d:\HDSP_HYBRID\backend\src\modules\platform\services\ai-platform\governance\governance-simulation.service.ts", "TypeScript", 0, 0, -39, 0, 0, 0, 0, 0, -6, -7, -52
"d:\HDSP_HYBRID\backend\src\modules\platform\services\ai-platform\governance\governance.pipeline.ts", "TypeScript", 0, 0, -37, 0, 0, 0, 0, 0, -11, -8, -56
"d:\HDSP_HYBRID\backend\src\modules\platform\services\ai-platform\interfaces\ai-capability.interface.ts", "TypeScript", 0, 0, -31, 0, 0, 0, 0, 0, -1, -5, -37
"d:\HDSP_HYBRID\backend\src\modules\platform\services\ai-platform\interfaces\ai-execution.interface.ts", "TypeScript", 0, 0, -45, 0, 0, 0, 0, 0, 0, -6, -51
"d:\HDSP_HYBRID\backend\src\modules\platform\services\ai-platform\interfaces\ai-provider.interface.ts", "TypeScript", 0, 0, -23, 0, 0, 0, 0, 0, -7, -5, -35
"d:\HDSP_HYBRID\backend\src\modules\platform\services\ai-platform\interfaces\ai-streaming.interface.ts", "TypeScript", 0, 0, -16, 0, 0, 0, 0, 0, 0, -3, -19
"d:\HDSP_HYBRID\backend\src\modules\platform\services\ai-platform\interfaces\ai-token-estimator.interface.ts", "TypeScript", 0, 0, -3, 0, 0, 0, 0, 0, 0, -1, -4
"d:\HDSP_HYBRID\backend\src\modules\platform\services\ai-platform\learning\continuous-learning.service.ts", "TypeScript", 0, 0, -17, 0, 0, 0, 0, 0, -5, -5, -27
"d:\HDSP_HYBRID\backend\src\modules\platform\services\ai-platform\operations\ai-operations-dashboard.service.ts", "TypeScript", 0, 0, -22, 0, 0, 0, 0, 0, 0, -3, -25
"d:\HDSP_HYBRID\backend\src\modules\platform\services\ai-platform\operations\ai-playground.service.ts", "TypeScript", 0, 0, -23, 0, 0, 0, 0, 0, -4, -4, -31
"d:\HDSP_HYBRID\backend\src\modules\platform\services\ai-platform\operations\ai-readiness-gate.service.ts", "TypeScript", 0, 0, -23, 0, 0, 0, 0, 0, -1, -6, -30
"d:\HDSP_HYBRID\backend\src\modules\platform\services\ai-platform\operations\ai-release-management.service.ts", "TypeScript", 0, 0, -23, 0, 0, 0, 0, 0, -1, -5, -29
"d:\HDSP_HYBRID\backend\src\modules\platform\services\ai-platform\operations\ai-telemetry.service.ts", "TypeScript", 0, 0, -8, 0, 0, 0, 0, 0, -1, -3, -12
"d:\HDSP_HYBRID\backend\src\modules\platform\services\ai-platform\operations\provider-health.service.ts", "TypeScript", 0, 0, -26, 0, 0, 0, 0, 0, 0, -4, -30
"d:\HDSP_HYBRID\backend\src\modules\platform\services\ai-platform\policy\ai-fallback.service.ts", "TypeScript", 0, 0, -19, 0, 0, 0, 0, 0, -7, -6, -32
"d:\HDSP_HYBRID\backend\src\modules\platform\services\ai-platform\policy\ai-operating-mode.policy.ts", "TypeScript", 0, 0, -44, 0, 0, 0, 0, 0, 0, -3, -47
"d:\HDSP_HYBRID\backend\src\modules\platform\services\ai-platform\policy\circuit-breaker.service.ts", "TypeScript", 0, 0, -54, 0, 0, 0, 0, 0, -2, -14, -70
"d:\HDSP_HYBRID\backend\src\modules\platform\services\ai-platform\policy\model-selection-policy.engine.ts", "TypeScript", 0, 0, -44, 0, 0, 0, 0, 0, -7, -11, -62
"d:\HDSP_HYBRID\backend\src\modules\platform\services\ai-platform\policy\retry.policy.ts", "TypeScript", 0, 0, -41, 0, 0, 0, 0, 0, -1, -9, -51
"d:\HDSP_HYBRID\backend\src\modules\platform\services\ai-platform\prompt\prompt-dependency.graph.ts", "TypeScript", 0, 0, -24, 0, 0, 0, 0, 0, -2, -6, -32
"d:\HDSP_HYBRID\backend\src\modules\platform\services\ai-platform\prompt\prompt-manager.service.ts", "TypeScript", 0, 0, -85, 0, 0, 0, 0, 0, -10, -18, -113
"d:\HDSP_HYBRID\backend\src\modules\platform\services\ai-platform\prompt\prompt-ops.repository.ts", "TypeScript", 0, 0, -17, 0, 0, 0, 0, 0, -1, -6, -24
"d:\HDSP_HYBRID\backend\src\modules\platform\services\ai-platform\registries\ai-capability.registry.ts", "TypeScript", 0, 0, -25, 0, 0, 0, 0, 0, -1, -5, -31
"d:\HDSP_HYBRID\backend\src\modules\platform\services\ai-platform\registries\ai-model.registry.ts", "TypeScript", 0, 0, -37, 0, 0, 0, 0, 0, 0, -5, -42
"d:\HDSP_HYBRID\backend\src\modules\platform\services\ai-platform\registries\ai-provider.registry.ts", "TypeScript", 0, 0, -30, 0, 0, 0, 0, 0, 0, -7, -37
"d:\HDSP_HYBRID\backend\src\modules\platform\services\ai-platform\sdk-clients\azure-openai-sdk.client.ts", "TypeScript", 0, 0, -15, 0, 0, 0, 0, 0, -3, -7, -25
"d:\HDSP_HYBRID\backend\src\modules\platform\services\ai-platform\sdk-clients\gemini-sdk.client.integration.spec.ts", "TypeScript", 0, 0, -87, 0, 0, 0, 0, 0, -1, -13, -101
"d:\HDSP_HYBRID\backend\src\modules\platform\services\ai-platform\sdk-clients\gemini-sdk.client.ts", "TypeScript", 0, 0, -52, 0, 0, 0, 0, 0, -3, -10, -65
"d:\HDSP_HYBRID\backend\src\modules\platform\services\ai-platform\sdk-clients\ollama-sdk.client.ts", "TypeScript", 0, 0, -60, 0, 0, 0, 0, 0, -1, -11, -72
"d:\HDSP_HYBRID\backend\src\modules\platform\services\ai-platform\sdk-clients\openai-compatible-sdk.client.ts", "TypeScript", 0, 0, -12, 0, 0, 0, 0, 0, 0, -5, -17
"d:\HDSP_HYBRID\backend\src\modules\platform\services\ai-platform\sdk-clients\openai-sdk.client.ts", "TypeScript", 0, 0, -50, 0, 0, 0, 0, 0, -1, -10, -61
"d:\HDSP_HYBRID\backend\src\modules\platform\services\ai-platform\session\ai-session.service.ts", "TypeScript", 0, 0, -48, 0, 0, 0, 0, 0, -1, -9, -58
"d:\HDSP_HYBRID\backend\src\modules\platform\services\ai-platform\testing\ai-capability-certification.spec.ts", "TypeScript", 0, 0, -21, 0, 0, 0, 0, 0, -9, -9, -39
"d:\HDSP_HYBRID\backend\src\modules\platform\services\ai-platform\testing\ai-red-team.spec.ts", "TypeScript", 0, 0, -25, 0, 0, 0, 0, 0, -1, -7, -33
"d:\HDSP_HYBRID\backend\src\modules\platform\services\ai-platform\testing\certification.framework.ts", "TypeScript", 0, 0, -37, 0, 0, 0, 0, 0, -1, -5, -43
"d:\HDSP_HYBRID\backend\src\modules\platform\services\ai-platform\testing\continuous-regression.pipeline.ts", "TypeScript", 0, 0, -13, 0, 0, 0, 0, 0, -4, -6, -23
"d:\HDSP_HYBRID\backend\src\modules\platform\services\ai-platform\tools\ai-tool.interface.ts", "TypeScript", 0, 0, -16, 0, 0, 0, 0, 0, 0, -3, -19
"d:\HDSP_HYBRID\backend\src\modules\platform\services\ai-platform\tools\tool-executor.ts", "TypeScript", 0, 0, -21, 0, 0, 0, 0, 0, -1, -6, -28
"d:\HDSP_HYBRID\backend\src\modules\platform\services\ai-platform\tools\tool-registry.ts", "TypeScript", 0, 0, -25, 0, 0, 0, 0, 0, 0, -6, -31
"d:\HDSP_HYBRID\backend\src\modules\platform\services\ai-platform\validators\clinical.validator.ts", "TypeScript", 0, 0, -14, 0, 0, 0, 0, 0, -2, -3, -19
"d:\HDSP_HYBRID\backend\src\modules\platform\services\ai-platform\validators\json-schema.validator.ts", "TypeScript", 0, 0, -18, 0, 0, 0, 0, 0, -2, -4, -24
"d:\HDSP_HYBRID\backend\src\modules\platform\services\ai-platform\validators\output-validation-profile.ts", "TypeScript", 0, 0, -33, 0, 0, 0, 0, 0, 0, -3, -36
"d:\HDSP_HYBRID\backend\src\modules\platform\services\ai-platform\validators\output-validator.interface.ts", "TypeScript", 0, 0, -10, 0, 0, 0, 0, 0, -3, -3, -16
"d:\HDSP_HYBRID\backend\src\modules\platform\services\ai-platform\validators\validation.orchestrator.ts", "TypeScript", 0, 0, -33, 0, 0, 0, 0, 0, 0, -6, -39
"d:\HDSP_HYBRID\backend\src\modules\platform\services\integration\integration-platform.module.ts", "TypeScript", 0, 0, -7, 0, 0, 0, 0, 0, 0, -2, -9
"d:\HDSP_HYBRID\backend\src\modules\platform\services\knowledge-search\entities\knowledge-collection.entity.ts", "TypeScript", 0, 0, -10, 0, 0, 0, 0, 0, 0, -1, -11
"d:\HDSP_HYBRID\backend\src\modules\platform\services\knowledge-search\interfaces\knowledge-pipeline.interface.ts", "TypeScript", 0, 0, -36, 0, 0, 0, 0, 0, -1, -9, -46
"d:\HDSP_HYBRID\backend\src\modules\platform\services\knowledge-search\interfaces\search-provider.interface.ts", "TypeScript", 0, 0, -20, 0, 0, 0, 0, 0, -12, -7, -39
"d:\HDSP_HYBRID\backend\src\modules\platform\services\knowledge-search\knowledge-search.module.ts", "TypeScript", 0, 0, -7, 0, 0, 0, 0, 0, 0, -2, -9
"d:\HDSP_HYBRID\backend\src\modules\platform\services\knowledge-search\services\knowledge-collection.service.ts", "TypeScript", 0, 0, -14, 0, 0, 0, 0, 0, 0, -4, -18
"d:\HDSP_HYBRID\backend\src\modules\platform\services\knowledge-search\services\knowledge-lifecycle.service.ts", "TypeScript", 0, 0, -25, 0, 0, 0, 0, 0, -8, -5, -38
"d:\HDSP_HYBRID\backend\src\modules\platform\services\knowledge-search\services\knowledge-platform.service.ts", "TypeScript", 0, 0, -24, 0, 0, 0, 0, 0, -6, -9, -39
"d:\HDSP_HYBRID\backend\src\modules\platform\services\knowledge-search\services\knowledge-validation.service.ts", "TypeScript", 0, 0, -29, 0, 0, 0, 0, 0, -1, -8, -38
"d:\HDSP_HYBRID\backend\src\modules\platform\services\object-repository\interfaces\object-storage-provider.interface.ts", "TypeScript", 0, 0, -18, 0, 0, 0, 0, 0, -23, -7, -48
"d:\HDSP_HYBRID\backend\src\modules\platform\services\object-repository\object-repository.module.ts", "TypeScript", 0, 0, -30, 0, 0, 0, 0, 0, -17, -2, -49
"d:\HDSP_HYBRID\backend\src\modules\platform\services\object-repository\providers\__tests__\s3-storage-provider.conformance.spec.ts", "TypeScript", 0, 0, -60, 0, 0, 0, 0, 0, -17, -10, -87
"d:\HDSP_HYBRID\backend\src\modules\platform\services\object-repository\providers\local-storage.provider.ts", "TypeScript", 0, 0, -49, 0, 0, 0, 0, 0, -37, -10, -96
"d:\HDSP_HYBRID\backend\src\modules\platform\services\object-repository\providers\s3-storage.provider.ts", "TypeScript", 0, 0, -79, 0, 0, 0, 0, 0, -30, -11, -120
"d:\HDSP_HYBRID\backend\src\modules\platform\services\object-repository\services\object-repository.service.ts", "TypeScript", 0, 0, -25, 0, 0, 0, 0, 0, -10, -7, -42
"d:\HDSP_HYBRID\backend\src\modules\platform\services\platform-services.module.ts", "TypeScript", 0, 0, -11, 0, 0, 0, 0, 0, -5, -2, -18
"d:\HDSP_HYBRID\backend\src\modules\platform\tenant-provisioning\dto\provision-tenant.dto.ts", "TypeScript", 0, 0, -27, 0, 0, 0, 0, 0, -11, -8, -46
"d:\HDSP_HYBRID\backend\src\modules\platform\tenant-provisioning\entities\tenant-connector-pairing.entity.ts", "TypeScript", 0, 0, -19, 0, 0, 0, 0, 0, -30, -8, -57
"d:\HDSP_HYBRID\backend\src\modules\platform\tenant-provisioning\entities\tenant-provisioning-run.entity.ts", "TypeScript", 0, 0, -35, 0, 0, 0, 0, 0, -25, -16, -76
"d:\HDSP_HYBRID\backend\src\modules\platform\tenant-provisioning\entities\tenant-provisioning-step.entity.ts", "TypeScript", 0, 0, -31, 0, 0, 0, 0, 0, -10, -13, -54
"d:\HDSP_HYBRID\backend\src\modules\platform\tenant-provisioning\events\tenant-provisioned.event.ts", "TypeScript", 0, 0, -12, 0, 0, 0, 0, 0, -12, -2, -26
"d:\HDSP_HYBRID\backend\src\modules\platform\tenant-provisioning\tenant-provisioning.controller.ts", "TypeScript", 0, 0, -40, 0, 0, 0, 0, 0, -16, -7, -63
"d:\HDSP_HYBRID\backend\src\modules\platform\tenant-provisioning\tenant-provisioning.module.ts", "TypeScript", 0, 0, -30, 0, 0, 0, 0, 0, -12, -2, -44
"d:\HDSP_HYBRID\backend\src\modules\platform\tenant-provisioning\tenant-provisioning.service.ts", "TypeScript", 0, 0, -327, 0, 0, 0, 0, 0, -166, -52, -545
"d:\HDSP_HYBRID\backend\src\modules\platform\tenant\__tests__\tenant-context-interceptor.spec.ts", "TypeScript", 0, 0, -47, 0, 0, 0, 0, 0, -8, -12, -67
"d:\HDSP_HYBRID\backend\src\modules\platform\tenant\__tests__\tenant-context-storage.spec.ts", "TypeScript", 0, 0, -56, 0, 0, 0, 0, 0, -4, -10, -70
"d:\HDSP_HYBRID\backend\src\modules\platform\tenant\__tests__\tenant-enforcement-canonical.spec.ts", "TypeScript", 0, 0, -76, 0, 0, 0, 0, 0, -15, -21, -112
"d:\HDSP_HYBRID\backend\src\modules\platform\tenant\__tests__\tenant-resolvers.spec.ts", "TypeScript", 0, 0, -64, 0, 0, 0, 0, 0, -9, -25, -98
"d:\HDSP_HYBRID\backend\src\modules\platform\tenant\__tests__\tenant-scoped-repository.spec.ts", "TypeScript", 0, 0, -200, 0, 0, 0, 0, 0, -18, -64, -282
"d:\HDSP_HYBRID\backend\src\modules\platform\tenant\context\tenant-context-storage.ts", "TypeScript", 0, 0, -47, 0, 0, 0, 0, 0, -47, -9, -103
"d:\HDSP_HYBRID\backend\src\modules\platform\tenant\context\tenant-context.interceptor.ts", "TypeScript", 0, 0, -32, 0, 0, 0, 0, 0, -47, -6, -85
"d:\HDSP_HYBRID\backend\src\modules\platform\tenant\context\tenant-scope.interface.ts", "TypeScript", 0, 0, -4, 0, 0, 0, 0, 0, -24, -2, -30
"d:\HDSP_HYBRID\backend\src\modules\platform\tenant\entities\tenant.entity.ts", "TypeScript", 0, 0, -22, 0, 0, 0, 0, 0, -17, -9, -48
"d:\HDSP_HYBRID\backend\src\modules\platform\tenant\repositories\tenant-scoped-repository.provider.ts", "TypeScript", 0, 0, -19, 0, 0, 0, 0, 0, -16, -3, -38
"d:\HDSP_HYBRID\backend\src\modules\platform\tenant\repositories\tenant-scoped.repository.ts", "TypeScript", 0, 0, -267, 0, 0, 0, 0, 0, -86, -30, -383
"d:\HDSP_HYBRID\backend\src\modules\platform\tenant\resolvers\chain-tenant.resolver.ts", "TypeScript", 0, 0, -9, 0, 0, 0, 0, 0, -24, -3, -36
"d:\HDSP_HYBRID\backend\src\modules\platform\tenant\resolvers\oracle-tenant.resolver.ts", "TypeScript", 0, 0, -9, 0, 0, 0, 0, 0, -23, -3, -35
"d:\HDSP_HYBRID\backend\src\modules\platform\tenant\resolvers\session-tenant.resolver.ts", "TypeScript", 0, 0, -15, 0, 0, 0, 0, 0, -27, -4, -46
"d:\HDSP_HYBRID\backend\src\modules\platform\tenant\tenant-context.service.ts", "TypeScript", 0, 0, -45, 0, 0, 0, 0, 0, -56, -10, -111
"d:\HDSP_HYBRID\backend\src\modules\platform\tenant\tenant.module.ts", "TypeScript", 0, 0, -30, 0, 0, 0, 0, 0, -22, -2, -54
"d:\HDSP_HYBRID\backend\src\modules\rbac\dto\create-role.dto.ts", "TypeScript", 0, 0, -45, 0, 0, 0, 0, 0, 0, -8, -53
"d:\HDSP_HYBRID\backend\src\modules\rbac\entities\permission.entity.ts", "TypeScript", 0, 0, -24, 0, 0, 0, 0, 0, -6, -9, -39
"d:\HDSP_HYBRID\backend\src\modules\rbac\entities\role.entity.ts", "TypeScript", 0, 0, -31, 0, 0, 0, 0, 0, -5, -10, -46
"d:\HDSP_HYBRID\backend\src\modules\rbac\permissions.service.ts", "TypeScript", 0, 0, -31, 0, 0, 0, 0, 0, -8, -6, -45
"d:\HDSP_HYBRID\backend\src\modules\rbac\rbac.controller.ts", "TypeScript", 0, 0, -74, 0, 0, 0, 0, 0, -3, -10, -87
"d:\HDSP_HYBRID\backend\src\modules\rbac\rbac.module.ts", "TypeScript", 0, 0, -26, 0, 0, 0, 0, 0, -9, -2, -37
"d:\HDSP_HYBRID\backend\src\modules\rbac\roles.service.ts", "TypeScript", 0, 0, -114, 0, 0, 0, 0, 0, -13, -23, -150
"d:\HDSP_HYBRID\backend\src\modules\reports\reports.controller.ts", "TypeScript", 0, 0, -104, 0, 0, 0, 0, 0, -1, -12, -117
"d:\HDSP_HYBRID\backend\src\modules\reports\reports.module.ts", "TypeScript", 0, 0, -24, 0, 0, 0, 0, 0, 0, -2, -26
"d:\HDSP_HYBRID\backend\src\modules\reports\reports.service.ts", "TypeScript", 0, 0, -261, 0, 0, 0, 0, 0, -8, -30, -299
"d:\HDSP_HYBRID\backend\src\modules\reports\reports.types.ts", "TypeScript", 0, 0, -58, 0, 0, 0, 0, 0, -1, -7, -66
"d:\HDSP_HYBRID\backend\src\modules\settings\entities\system-setting.entity.ts", "TypeScript", 0, 0, -18, 0, 0, 0, 0, 0, -12, -7, -37
"d:\HDSP_HYBRID\backend\src\modules\settings\settings.controller.ts", "TypeScript", 0, 0, -16, 0, 0, 0, 0, 0, 0, -3, -19
"d:\HDSP_HYBRID\backend\src\modules\settings\settings.module.ts", "TypeScript", 0, 0, -12, 0, 0, 0, 0, 0, 0, -2, -14
"d:\HDSP_HYBRID\backend\src\modules\settings\settings.service.ts", "TypeScript", 0, 0, -31, 0, 0, 0, 0, 0, 0, -6, -37
"d:\HDSP_HYBRID\backend\src\modules\token\analytics\token-analytics.controller.ts", "TypeScript", 0, 0, -115, 0, 0, 0, 0, 0, -10, -14, -139
"d:\HDSP_HYBRID\backend\src\modules\token\analytics\token-analytics.service.ts", "TypeScript", 0, 0, -326, 0, 0, 0, 0, 0, -51, -20, -397
"d:\HDSP_HYBRID\backend\src\modules\token\audit\token-audit.service.ts", "TypeScript", 0, 0, -64, 0, 0, 0, 0, 0, -10, -9, -83
"d:\HDSP_HYBRID\backend\src\modules\token\config\token-config.controller.ts", "TypeScript", 0, 0, -148, 0, 0, 0, 0, 0, -31, -23, -202
"d:\HDSP_HYBRID\backend\src\modules\token\config\token-config.service.ts", "TypeScript", 0, 0, -246, 0, 0, 0, 0, 0, -33, -43, -322
"d:\HDSP_HYBRID\backend\src\modules\token\display\display.controller.ts", "TypeScript", 0, 0, -49, 0, 0, 0, 0, 0, -15, -7, -71
"d:\HDSP_HYBRID\backend\src\modules\token\display\display.service.ts", "TypeScript", 0, 0, -69, 0, 0, 0, 0, 0, -12, -14, -95
"d:\HDSP_HYBRID\backend\src\modules\token\dto\call-token.dto.ts", "TypeScript", 0, 0, -9, 0, 0, 0, 0, 0, 0, -3, -12
"d:\HDSP_HYBRID\backend\src\modules\token\dto\upsert-counter.dto.ts", "TypeScript", 0, 0, -28, 0, 0, 0, 0, 0, 0, -6, -34
"d:\HDSP_HYBRID\backend\src\modules\token\entities\display-page.entity.ts", "TypeScript", 0, 0, -25, 0, 0, 0, 0, 0, -25, -10, -60
"d:\HDSP_HYBRID\backend\src\modules\token\entities\token-analytics-daily.entity.ts", "TypeScript", 0, 0, -42, 0, 0, 0, 0, 0, -19, -20, -81
"d:\HDSP_HYBRID\backend\src\modules\token\entities\token-audit-log.entity.ts", "TypeScript", 0, 0, -29, 0, 0, 0, 0, 0, -19, -14, -62
"d:\HDSP_HYBRID\backend\src\modules\token\entities\token-branch-config.entity.ts", "TypeScript", 0, 0, -26, 0, 0, 0, 0, 0, -12, -11, -49
"d:\HDSP_HYBRID\backend\src\modules\token\entities\token-call.entity.ts", "TypeScript", 0, 0, -40, 0, 0, 0, 0, 0, -27, -18, -85
"d:\HDSP_HYBRID\backend\src\modules\token\entities\token-counter.entity.ts", "TypeScript", 0, 0, -29, 0, 0, 0, 0, 0, -12, -10, -51
"d:\HDSP_HYBRID\backend\src\modules\token\entities\token-kiosk-assignment.entity.ts", "TypeScript", 0, 0, -48, 0, 0, 0, 0, 0, -20, -20, -88
"d:\HDSP_HYBRID\backend\src\modules\token\entities\token-kiosk-branding.entity.ts", "TypeScript", 0, 0, -33, 0, 0, 0, 0, 0, -15, -16, -64
"d:\HDSP_HYBRID\backend\src\modules\token\entities\token-kiosk.entity.ts", "TypeScript", 0, 0, -39, 0, 0, 0, 0, 0, -20, -17, -76
"d:\HDSP_HYBRID\backend\src\modules\token\entities\token-location.entity.ts", "TypeScript", 0, 0, -40, 0, 0, 0, 0, 0, -18, -17, -75
"d:\HDSP_HYBRID\backend\src\modules\token\entities\token-record.entity.ts", "TypeScript", 0, 0, -77, 0, 0, 0, 0, 0, -35, -34, -146
"d:\HDSP_HYBRID\backend\src\modules\token\entities\token-sc-config.entity.ts", "TypeScript", 0, 0, -37, 0, 0, 0, 0, 0, -21, -16, -74
"d:\HDSP_HYBRID\backend\src\modules\token\entities\token-sequence.entity.ts", "TypeScript", 0, 0, -21, 0, 0, 0, 0, 0, -24, -10, -55
"d:\HDSP_HYBRID\backend\src\modules\token\kiosk\token-kiosk.controller.ts", "TypeScript", 0, 0, -251, 0, 0, 0, 0, 0, -43, -32, -326
"d:\HDSP_HYBRID\backend\src\modules\token\kiosk\token-kiosk.service.ts", "TypeScript", 0, 0, -492, 0, 0, 0, 0, 0, -91, -77, -660
"d:\HDSP_HYBRID\backend\src\modules\token\queue\token-daily-reset.service.ts", "TypeScript", 0, 0, -129, 0, 0, 0, 0, 0, -29, -30, -188
"d:\HDSP_HYBRID\backend\src\modules\token\queue\token-queue.controller.ts", "TypeScript", 0, 0, -212, 0, 0, 0, 0, 0, -32, -25, -269
"d:\HDSP_HYBRID\backend\src\modules\token\queue\token-queue.service.ts", "TypeScript", 0, 0, -269, 0, 0, 0, 0, 0, -65, -44, -378
"d:\HDSP_HYBRID\backend\src\modules\token\queue\token-sequence.service.ts", "TypeScript", 0, 0, -250, 0, 0, 0, 0, 0, -85, -43, -378
"d:\HDSP_HYBRID\backend\src\modules\token\registration\__tests__\registration.service.spec.ts", "TypeScript", 0, 0, -273, 0, 0, 0, 0, 0, -5, -41, -319
"d:\HDSP_HYBRID\backend\src\modules\token\registration\dto\map-patient.dto.ts", "TypeScript", 0, 0, -40, 0, 0, 0, 0, 0, -22, -10, -72
"d:\HDSP_HYBRID\backend\src\modules\token\registration\dto\reserve-token.dto.ts", "TypeScript", 0, 0, -21, 0, 0, 0, 0, 0, -1, -6, -28
"d:\HDSP_HYBRID\backend\src\modules\token\registration\entities\mapping-audit-log.entity.ts", "TypeScript", 0, 0, -46, 0, 0, 0, 0, 0, -17, -15, -78
"d:\HDSP_HYBRID\backend\src\modules\token\registration\entities\token-patient-mapping.entity.ts", "TypeScript", 0, 0, -41, 0, 0, 0, 0, 0, -22, -17, -80
"d:\HDSP_HYBRID\backend\src\modules\token\registration\entities\token-reservation.entity.ts", "TypeScript", 0, 0, -33, 0, 0, 0, 0, 0, -25, -14, -72
"d:\HDSP_HYBRID\backend\src\modules\token\registration\registration.controller.ts", "TypeScript", 0, 0, -155, 0, 0, 0, 0, 0, -95, -20, -270
"d:\HDSP_HYBRID\backend\src\modules\token\registration\registration.module.ts", "TypeScript", 0, 0, -41, 0, 0, 0, 0, 0, -10, -6, -57
"d:\HDSP_HYBRID\backend\src\modules\token\registration\registration.service.ts", "TypeScript", 0, 0, -490, 0, 0, 0, 0, 0, -165, -100, -755
"d:\HDSP_HYBRID\backend\src\modules\token\token.controller.ts", "TypeScript", 0, 0, -320, 0, 0, 0, 0, 0, -43, -48, -411
"d:\HDSP_HYBRID\backend\src\modules\token\token.gateway.ts", "TypeScript", 0, 0, -339, 0, 0, 0, 0, 0, -94, -58, -491
"d:\HDSP_HYBRID\backend\src\modules\token\token.module.ts", "TypeScript", 0, 0, -95, 0, 0, 0, 0, 0, -18, -11, -124
"d:\HDSP_HYBRID\backend\src\modules\token\token.service.ts", "TypeScript", 0, 0, -1009, 0, 0, 0, 0, 0, -231, -133, -1373
"d:\HDSP_HYBRID\backend\src\modules\token\workstation\dto\save-workstation-config.dto.ts", "TypeScript", 0, 0, -22, 0, 0, 0, 0, 0, -15, -6, -43
"d:\HDSP_HYBRID\backend\src\modules\token\workstation\entities\workstation-config.entity.ts", "TypeScript", 0, 0, -32, 0, 0, 0, 0, 0, -47, -13, -92
"d:\HDSP_HYBRID\backend\src\modules\token\workstation\workstation.controller.ts", "TypeScript", 0, 0, -62, 0, 0, 0, 0, 0, -42, -14, -118
"d:\HDSP_HYBRID\backend\src\modules\token\workstation\workstation.module.ts", "TypeScript", 0, 0, -29, 0, 0, 0, 0, 0, -6, -4, -39
"d:\HDSP_HYBRID\backend\src\modules\token\workstation\workstation.service.ts", "TypeScript", 0, 0, -177, 0, 0, 0, 0, 0, -46, -33, -256
"d:\HDSP_HYBRID\backend\src\modules\users\__tests__\users.service.spec.ts", "TypeScript", 0, 0, -52, 0, 0, 0, 0, 0, 0, -10, -62
"d:\HDSP_HYBRID\backend\src\modules\users\dto\create-user.dto.ts", "TypeScript", 0, 0, -76, 0, 0, 0, 0, 0, 0, -14, -90
"d:\HDSP_HYBRID\backend\src\modules\users\dto\update-user.dto.ts", "TypeScript", 0, 0, -19, 0, 0, 0, 0, 0, -2, -3, -24
"d:\HDSP_HYBRID\backend\src\modules\users\entities\user.entity.ts", "TypeScript", 0, 0, -97, 0, 0, 0, 0, 0, -9, -28, -134
"d:\HDSP_HYBRID\backend\src\modules\users\users.controller.ts", "TypeScript", 0, 0, -119, 0, 0, 0, 0, 0, -16, -11, -146
"d:\HDSP_HYBRID\backend\src\modules\users\users.module.ts", "TypeScript", 0, 0, -24, 0, 0, 0, 0, 0, -9, -2, -35
"d:\HDSP_HYBRID\backend\src\modules\users\users.service.ts", "TypeScript", 0, 0, -225, 0, 0, 0, 0, 0, -45, -35, -305
"d:\HDSP_HYBRID\backend\src\modules\vendor-administration\controllers\vendor-command.controller.ts", "TypeScript", 0, 0, -59, 0, 0, 0, 0, 0, 0, -6, -65
"d:\HDSP_HYBRID\backend\src\modules\vendor-administration\controllers\vendor-query.controller.ts", "TypeScript", 0, 0, -34, 0, 0, 0, 0, 0, 0, -5, -39
"d:\HDSP_HYBRID\backend\src\modules\vendor-administration\guards\vendor-hmac.guard.ts", "TypeScript", 0, 0, -62, 0, 0, 0, 0, 0, -7, -18, -87
"d:\HDSP_HYBRID\backend\src\modules\vendor-administration\services\account-lock-management.service.ts", "TypeScript", 0, 0, -147, 0, 0, 0, 0, 0, -4, -24, -175
"d:\HDSP_HYBRID\backend\src\modules\vendor-administration\services\command-dispatcher.service.ts", "TypeScript", 0, 0, -80, 0, 0, 0, 0, 0, -2, -9, -91
"d:\HDSP_HYBRID\backend\src\modules\vendor-administration\vendor-administration.module.ts", "TypeScript", 0, 0, -28, 0, 0, 0, 0, 0, 0, -2, -30
"d:\HDSP_HYBRID\backend\src\scripts\provision-self-hosted.ts", "TypeScript", 0, 0, -54, 0, 0, 0, 0, 0, -23, -11, -88
"d:\HDSP_HYBRID\backend\tsconfig-attendance-only.json", "JSON", 0, 0, 0, 0, -9, 0, 0, 0, 0, -1, -10
"d:\HDSP_HYBRID\backend\tsconfig.build.json", "JSON", 0, 0, 0, 0, -13, 0, 0, 0, 0, -1, -14
"d:\HDSP_HYBRID\backend\tsconfig.json", "JSON with Comments", 0, -36, 0, 0, 0, 0, 0, 0, 0, -1, -37
"d:\HDSP_HYBRID\frontend\lib\dummy-module.js", "JavaScript", 0, 0, 0, 9, 0, 0, 0, 0, 1, 2, 12
"d:\HDSP_HYBRID\frontend\next-env.d.ts", "TypeScript", 0, 0, 0, 0, 0, 0, 0, 0, 4, 2, 6
"d:\HDSP_HYBRID\frontend\next.config.mjs", "JavaScript", 0, 0, 0, 101, 0, 0, 0, 0, 18, 13, 132
"d:\HDSP_HYBRID\frontend\package-lock.json", "JSON", 0, 0, 0, 0, 7999, 0, 0, 0, 0, 1, 8000
"d:\HDSP_HYBRID\frontend\package.json", "JSON", 0, 0, 0, 0, 54, 0, 0, 0, 0, 1, 55
"d:\HDSP_HYBRID\frontend\public\logo-full.svg", "XML", 0, 0, 0, 0, 0, 15787, 0, 0, 0, 90, 15877
"d:\HDSP_HYBRID\frontend\public\logo-icon.svg", "XML", 0, 0, 0, 0, 0, 11196, 0, 0, 0, 52, 11248
"d:\HDSP_HYBRID\frontend\src\app\(auth)\change-password\page.tsx", "TypeScript JSX", 169, 0, 0, 0, 0, 0, 0, 0, 0, 15, 184
"d:\HDSP_HYBRID\frontend\src\app\(auth)\login\page.tsx", "TypeScript JSX", 801, 0, 0, 0, 0, 0, 0, 0, 55, 46, 902
"d:\HDSP_HYBRID\frontend\src\app\(auth)\setup\page.tsx", "TypeScript JSX", 202, 0, 0, 0, 0, 0, 0, 0, 4, 20, 226
"d:\HDSP_HYBRID\frontend\src\app\(platform)\attendance\monitoring\page.tsx", "TypeScript JSX", 424, 0, 0, 0, 0, 0, 0, 0, 0, 26, 450
"d:\HDSP_HYBRID\frontend\src\app\(platform)\cms\displays\page.tsx", "TypeScript JSX", 870, 0, 0, 0, 0, 0, 0, 0, 20, 74, 964
"d:\HDSP_HYBRID\frontend\src\app\(platform)\cms\emergency\page.tsx", "TypeScript JSX", 136, 0, 0, 0, 0, 0, 0, 0, 0, 16, 152
"d:\HDSP_HYBRID\frontend\src\app\(platform)\cms\groups\page.tsx", "TypeScript JSX", 135, 0, 0, 0, 0, 0, 0, 0, 0, 19, 154
"d:\HDSP_HYBRID\frontend\src\app\(platform)\cms\media\page.tsx", "TypeScript JSX", 294, 0, 0, 0, 0, 0, 0, 0, 2, 23, 319
"d:\HDSP_HYBRID\frontend\src\app\(platform)\cms\monitoring\page.tsx", "TypeScript JSX", 245, 0, 0, 0, 0, 0, 0, 0, 1, 24, 270
"d:\HDSP_HYBRID\frontend\src\app\(platform)\cms\playlists\[id]\page.tsx", "TypeScript JSX", 612, 0, 0, 0, 0, 0, 0, 0, 14, 52, 678
"d:\HDSP_HYBRID\frontend\src\app\(platform)\cms\playlists\page.tsx", "TypeScript JSX", 149, 0, 0, 0, 0, 0, 0, 0, 0, 13, 162
"d:\HDSP_HYBRID\frontend\src\app\(platform)\cms\settings\page.tsx", "TypeScript JSX", 107, 0, 0, 0, 0, 0, 0, 0, 0, 14, 121
"d:\HDSP_HYBRID\frontend\src\app\(platform)\dashboard\page.tsx", "TypeScript JSX", 634, 0, 0, 0, 0, 0, 0, 0, 23, 36, 693
"d:\HDSP_HYBRID\frontend\src\app\(platform)\eic\assessments\[id]\page.tsx", "TypeScript JSX", 808, 0, 0, 0, 0, 0, 0, 0, 19, 81, 908
"d:\HDSP_HYBRID\frontend\src\app\(platform)\eic\assessments\page.tsx", "TypeScript JSX", 267, 0, 0, 0, 0, 0, 0, 0, 3, 24, 294
"d:\HDSP_HYBRID\frontend\src\app\(platform)\eic\discharge\[id]\page.tsx", "TypeScript JSX", 455, 0, 0, 0, 0, 0, 0, 0, 3, 17, 475
"d:\HDSP_HYBRID\frontend\src\app\(platform)\eic\enrollments\[id]\page.tsx", "TypeScript JSX", 1161, 0, 0, 0, 0, 0, 0, 0, 23, 58, 1242
"d:\HDSP_HYBRID\frontend\src\app\(platform)\eic\enrollments\new\page.tsx", "TypeScript JSX", 242, 0, 0, 0, 0, 0, 0, 0, 6, 24, 272
"d:\HDSP_HYBRID\frontend\src\app\(platform)\eic\layout.tsx", "TypeScript JSX", 9, 0, 0, 0, 0, 0, 0, 0, 0, 3, 12
"d:\HDSP_HYBRID\frontend\src\app\(platform)\eic\page.tsx", "TypeScript JSX", 101, 0, 0, 0, 0, 0, 0, 0, 1, 8, 110
"d:\HDSP_HYBRID\frontend\src\app\(platform)\eic\patients\[id]\page.tsx", "TypeScript JSX", 368, 0, 0, 0, 0, 0, 0, 0, 12, 30, 410
"d:\HDSP_HYBRID\frontend\src\app\(platform)\eic\patients\new\page.tsx", "TypeScript JSX", 210, 0, 0, 0, 0, 0, 0, 0, 4, 21, 235
"d:\HDSP_HYBRID\frontend\src\app\(platform)\eic\patients\page.tsx", "TypeScript JSX", 235, 0, 0, 0, 0, 0, 0, 0, 2, 12, 249
"d:\HDSP_HYBRID\frontend\src\app\(platform)\eic\patients\search\page.tsx", "TypeScript JSX", 248, 0, 0, 0, 0, 0, 0, 0, 8, 25, 281
"d:\HDSP_HYBRID\frontend\src\app\(platform)\eic\preschool\[id]\page.tsx", "TypeScript JSX", 813, 0, 0, 0, 0, 0, 0, 0, 35, 76, 924
"d:\HDSP_HYBRID\frontend\src\app\(platform)\eic\preschool\new\page.tsx", "TypeScript JSX", 278, 0, 0, 0, 0, 0, 0, 0, 7, 28, 313
"d:\HDSP_HYBRID\frontend\src\app\(platform)\eic\preschool\page.tsx", "TypeScript JSX", 164, 0, 0, 0, 0, 0, 0, 0, 2, 14, 180
"d:\HDSP_HYBRID\frontend\src\app\(platform)\eic\progress-reports\[id]\page.tsx", "TypeScript JSX", 487, 0, 0, 0, 0, 0, 0, 0, 7, 36, 530
"d:\HDSP_HYBRID\frontend\src\app\(platform)\eic\progress-reports\page.tsx", "TypeScript JSX", 311, 0, 0, 0, 0, 0, 0, 0, 20, 36, 367
"d:\HDSP_HYBRID\frontend\src\app\(platform)\eic\sessions\[id]\page.tsx", "TypeScript JSX", 406, 0, 0, 0, 0, 0, 0, 0, 20, 35, 461
"d:\HDSP_HYBRID\frontend\src\app\(platform)\eic\sessions\page.tsx", "TypeScript JSX", 220, 0, 0, 0, 0, 0, 0, 0, 2, 19, 241
"d:\HDSP_HYBRID\frontend\src\app\(platform)\eic\sync\page.tsx", "TypeScript JSX", 429, 0, 0, 0, 0, 0, 0, 0, 9, 33, 471
"d:\HDSP_HYBRID\frontend\src\app\(platform)\feedback\analytics\page.tsx", "TypeScript JSX", 251, 0, 0, 0, 0, 0, 0, 0, 6, 18, 275
"d:\HDSP_HYBRID\frontend\src\app\(platform)\feedback\campaigns\page.tsx", "TypeScript JSX", 274, 0, 0, 0, 0, 0, 0, 0, 3, 23, 300
"d:\HDSP_HYBRID\frontend\src\app\(platform)\feedback\complaints\page.tsx", "TypeScript JSX", 275, 0, 0, 0, 0, 0, 0, 0, 8, 23, 306
"d:\HDSP_HYBRID\frontend\src\app\(platform)\feedback\forms\[id]\page.tsx", "TypeScript JSX", 775, 0, 0, 0, 0, 0, 0, 0, 48, 88, 911
"d:\HDSP_HYBRID\frontend\src\app\(platform)\feedback\forms\page.tsx", "TypeScript JSX", 203, 0, 0, 0, 0, 0, 0, 0, 0, 18, 221
"d:\HDSP_HYBRID\frontend\src\app\(platform)\feedback\languages\page.tsx", "TypeScript JSX", 87, 0, 0, 0, 0, 0, 0, 0, 6, 13, 106
"d:\HDSP_HYBRID\frontend\src\app\(platform)\feedback\qr-codes\page.tsx", "TypeScript JSX", 238, 0, 0, 0, 0, 0, 0, 0, 5, 27, 270
"d:\HDSP_HYBRID\frontend\src\app\(platform)\feedback\responses\page.tsx", "TypeScript JSX", 101, 0, 0, 0, 0, 0, 0, 0, 7, 13, 121
"d:\HDSP_HYBRID\frontend\src\app\(platform)\feedback\settings\page.tsx", "TypeScript JSX", 163, 0, 0, 0, 0, 0, 0, 0, 14, 19, 196
"d:\HDSP_HYBRID\frontend\src\app\(platform)\forms\designer\[documentId]\page.tsx", "TypeScript JSX", 195, 0, 0, 0, 0, 0, 0, 0, 32, 28, 255
"d:\HDSP_HYBRID\frontend\src\app\(platform)\forms\designer\page.tsx", "TypeScript JSX", 148, 0, 0, 0, 0, 0, 0, 0, 8, 12, 168
"d:\HDSP_HYBRID\frontend\src\app\(platform)\forms\designer\templates\page.tsx", "TypeScript JSX", 123, 0, 0, 0, 0, 0, 0, 0, 8, 12, 143
"d:\HDSP_HYBRID\frontend\src\app\(platform)\forms\import\page.tsx", "TypeScript JSX", 426, 0, 0, 0, 0, 0, 0, 0, 42, 55, 523
"d:\HDSP_HYBRID\frontend\src\app\(platform)\layout.tsx", "TypeScript JSX", 617, 0, 0, 0, 0, 0, 0, 0, 31, 44, 692
"d:\HDSP_HYBRID\frontend\src\app\(platform)\loyalty\accounts\[id]\page.tsx", "TypeScript JSX", 398, 0, 0, 0, 0, 0, 0, 0, 11, 26, 435
"d:\HDSP_HYBRID\frontend\src\app\(platform)\loyalty\campaigns\page.tsx", "TypeScript JSX", 483, 0, 0, 0, 0, 0, 0, 0, 10, 33, 526
"d:\HDSP_HYBRID\frontend\src\app\(platform)\loyalty\earn\page.tsx", "TypeScript JSX", 251, 0, 0, 0, 0, 0, 0, 0, 3, 22, 276
"d:\HDSP_HYBRID\frontend\src\app\(platform)\loyalty\enroll\page.tsx", "TypeScript JSX", 190, 0, 0, 0, 0, 0, 0, 0, 6, 18, 214
"d:\HDSP_HYBRID\frontend\src\app\(platform)\loyalty\page.tsx", "TypeScript JSX", 621, 0, 0, 0, 0, 0, 0, 0, 26, 50, 697
"d:\HDSP_HYBRID\frontend\src\app\(platform)\notifications\page.tsx", "TypeScript JSX", 401, 0, 0, 0, 0, 0, 0, 0, 8, 33, 442
"d:\HDSP_HYBRID\frontend\src\app\(platform)\rbac\page.tsx", "TypeScript JSX", 243, 0, 0, 0, 0, 0, 0, 0, 9, 19, 271
"d:\HDSP_HYBRID\frontend\src\app\(platform)\reports\page.tsx", "TypeScript JSX", 351, 0, 0, 0, 0, 0, 0, 0, 8, 19, 378
"d:\HDSP_HYBRID\frontend\src\app\(platform)\security\password-reset-requests\page.tsx", "TypeScript JSX", 447, 0, 0, 0, 0, 0, 0, 0, 11, 32, 490
"d:\HDSP_HYBRID\frontend\src\app\(platform)\settings\card-config\page.tsx", "TypeScript JSX", 347, 0, 0, 0, 0, 0, 0, 0, 12, 28, 387
"d:\HDSP_HYBRID\frontend\src\app\(platform)\settings\license\page.tsx", "TypeScript JSX", 815, 0, 0, 0, 0, 0, 0, 0, 28, 52, 895
"d:\HDSP_HYBRID\frontend\src\app\(platform)\settings\page.tsx", "TypeScript JSX", 4, 0, 0, 0, 0, 0, 0, 0, 0, 2, 6
"d:\HDSP_HYBRID\frontend\src\app\(platform)\token\config\kiosks\page.tsx", "TypeScript JSX", 422, 0, 0, 0, 0, 0, 0, 0, 24, 39, 485
"d:\HDSP_HYBRID\frontend\src\app\(platform)\token\config\page.tsx", "TypeScript JSX", 440, 0, 0, 0, 0, 0, 0, 0, 8, 30, 478
"d:\HDSP_HYBRID\frontend\src\app\(platform)\token\config\sc-configs\page.tsx", "TypeScript JSX", 412, 0, 0, 0, 0, 0, 0, 0, 7, 40, 459
"d:\HDSP_HYBRID\frontend\src\app\(platform)\token\layout.tsx", "TypeScript JSX", 7, 0, 0, 0, 0, 0, 0, 0, 0, 3, 10
"d:\HDSP_HYBRID\frontend\src\app\(platform)\token\loading.tsx", "TypeScript JSX", 9, 0, 0, 0, 0, 0, 0, 0, 6, 2, 17
"d:\HDSP_HYBRID\frontend\src\app\(platform)\token\page.tsx", "TypeScript JSX", 1071, 0, 0, 0, 0, 0, 0, 0, 153, 115, 1339
"d:\HDSP_HYBRID\frontend\src\app\(platform)\token\print-config\page.tsx", "TypeScript JSX", 248, 0, 0, 0, 0, 0, 0, 0, 1, 29, 278
"d:\HDSP_HYBRID\frontend\src\app\(platform)\users\page.tsx", "TypeScript JSX", 728, 0, 0, 0, 0, 0, 0, 0, 31, 44, 803
"d:\HDSP_HYBRID\frontend\src\app\cms\player\[slug]\content-renderers.tsx", "TypeScript JSX", 22, 0, 0, 0, 0, 0, 0, 0, 18, 7, 47
"d:\HDSP_HYBRID\frontend\src\app\cms\player\[slug]\page.tsx", "TypeScript JSX", 342, 0, 0, 0, 0, 0, 0, 0, 56, 46, 444
"d:\HDSP_HYBRID\frontend\src\app\cms\player\[slug]\player-cache.ts", "TypeScript", 0, 0, 89, 0, 0, 0, 0, 0, 26, 14, 129
"d:\HDSP_HYBRID\frontend\src\app\cms\player\[slug]\player-log.ts", "TypeScript", 0, 0, 40, 0, 0, 0, 0, 0, 9, 9, 58
"d:\HDSP_HYBRID\frontend\src\app\cms\player\[slug]\player-storage.ts", "TypeScript", 0, 0, 38, 0, 0, 0, 0, 0, 12, 7, 57
"d:\HDSP_HYBRID\frontend\src\app\cms\player\[slug]\renderers\image.plugin.tsx", "TypeScript JSX", 26, 0, 0, 0, 0, 0, 0, 0, 2, 5, 33
"d:\HDSP_HYBRID\frontend\src\app\cms\player\[slug]\renderers\plugin-types.ts", "TypeScript", 0, 0, 43, 0, 0, 0, 0, 0, 28, 8, 79
"d:\HDSP_HYBRID\frontend\src\app\cms\player\[slug]\renderers\queue-widget.plugin.tsx", "TypeScript JSX", 144, 0, 0, 0, 0, 0, 0, 0, 15, 17, 176
"d:\HDSP_HYBRID\frontend\src\app\cms\player\[slug]\renderers\registry.ts", "TypeScript", 0, 0, 22, 0, 0, 0, 0, 0, 2, 7, 31
"d:\HDSP_HYBRID\frontend\src\app\cms\player\[slug]\renderers\video.plugin.tsx", "TypeScript JSX", 26, 0, 0, 0, 0, 0, 0, 0, 0, 5, 31
"d:\HDSP_HYBRID\frontend\src\app\cms\player\[slug]\ticker-overlay.tsx", "TypeScript JSX", 81, 0, 0, 0, 0, 0, 0, 0, 21, 13, 115
"d:\HDSP_HYBRID\frontend\src\app\dev\canvas-sandbox\page.tsx", "TypeScript JSX", 30, 0, 0, 0, 0, 0, 0, 0, 19, 6, 55
"d:\HDSP_HYBRID\frontend\src\app\dev\form-designer-sandbox\page.tsx", "TypeScript JSX", 113, 0, 0, 0, 0, 0, 0, 0, 19, 16, 148
"d:\HDSP_HYBRID\frontend\src\app\display\[slug]\layout.tsx", "TypeScript JSX", 8, 0, 0, 0, 0, 0, 0, 0, 4, 2, 14
"d:\HDSP_HYBRID\frontend\src\app\display\[slug]\page.tsx", "TypeScript JSX", 253, 0, 0, 0, 0, 0, 0, 0, 21, 35, 309
"d:\HDSP_HYBRID\frontend\src\app\feedback\f\[token]\page.tsx", "TypeScript JSX", 593, 0, 0, 0, 0, 0, 0, 0, 71, 63, 727
"d:\HDSP_HYBRID\frontend\src\app\kiosk\[slug]\page.tsx", "TypeScript JSX", 541, 0, 0, 0, 0, 0, 0, 0, 70, 53, 664
"d:\HDSP_HYBRID\frontend\src\app\kiosk\layout.tsx", "TypeScript JSX", 8, 0, 0, 0, 0, 0, 0, 0, 0, 2, 10
"d:\HDSP_HYBRID\frontend\src\app\layout.tsx", "TypeScript JSX", 39, 0, 0, 0, 0, 0, 0, 0, 0, 4, 43
"d:\HDSP_HYBRID\frontend\src\app\page.tsx", "TypeScript JSX", 4, 0, 0, 0, 0, 0, 0, 0, 4, 2, 10
"d:\HDSP_HYBRID\frontend\src\app\token\display-config\page.tsx", "TypeScript JSX", 937, 0, 0, 0, 0, 0, 0, 0, 44, 71, 1052
"d:\HDSP_HYBRID\frontend\src\app\token\display-config\renderer.tsx", "TypeScript JSX", 263, 0, 0, 0, 0, 0, 0, 0, 0, 19, 282
"d:\HDSP_HYBRID\frontend\src\app\token\display-config\types.ts", "TypeScript", 0, 0, 123, 0, 0, 0, 0, 0, 8, 9, 140
"d:\HDSP_HYBRID\frontend\src\app\token\display-pages\page.tsx", "TypeScript JSX", 305, 0, 0, 0, 0, 0, 0, 0, 20, 33, 358
"d:\HDSP_HYBRID\frontend\src\app\token\display\layout.tsx", "TypeScript JSX", 8, 0, 0, 0, 0, 0, 0, 0, 5, 2, 15
"d:\HDSP_HYBRID\frontend\src\app\token\display\page.tsx", "TypeScript JSX", 274, 0, 0, 0, 0, 0, 0, 0, 36, 37, 347
"d:\HDSP_HYBRID\frontend\src\app\token\kiosk\[code]\page.tsx", "TypeScript JSX", 349, 0, 0, 0, 0, 0, 0, 0, 18, 39, 406
"d:\HDSP_HYBRID\frontend\src\app\token\kiosk\layout.tsx", "TypeScript JSX", 8, 0, 0, 0, 0, 0, 0, 0, 0, 2, 10
"d:\HDSP_HYBRID\frontend\src\app\token\print-kiosk\layout.tsx", "TypeScript JSX", 8, 0, 0, 0, 0, 0, 0, 0, 0, 2, 10
"d:\HDSP_HYBRID\frontend\src\app\token\print-kiosk\page.tsx", "TypeScript JSX", 423, 0, 0, 0, 0, 0, 0, 0, 22, 55, 500
"d:\HDSP_HYBRID\frontend\src\components\EmptyState.tsx", "TypeScript JSX", 43, 0, 0, 0, 0, 0, 0, 0, 0, 3, 46
"d:\HDSP_HYBRID\frontend\src\components\LicenseBanner.tsx", "TypeScript JSX", 70, 0, 0, 0, 0, 0, 0, 0, 8, 15, 93
"d:\HDSP_HYBRID\frontend\src\components\PageHeader.tsx", "TypeScript JSX", 138, 0, 0, 0, 0, 0, 0, 0, 5, 12, 155
"d:\HDSP_HYBRID\frontend\src\components\PatientSearch.tsx", "TypeScript JSX", 147, 0, 0, 0, 0, 0, 0, 0, 1, 12, 160
"d:\HDSP_HYBRID\frontend\src\components\SectionCard.tsx", "TypeScript JSX", 41, 0, 0, 0, 0, 0, 0, 0, 1, 3, 45
"d:\HDSP_HYBRID\frontend\src\components\branch\BranchSelectModal.tsx", "TypeScript JSX", 115, 0, 0, 0, 0, 0, 0, 0, 9, 9, 133
"d:\HDSP_HYBRID\frontend\src\components\branch\BranchSwitcher.tsx", "TypeScript JSX", 165, 0, 0, 0, 0, 0, 0, 0, 13, 14, 192
"d:\HDSP_HYBRID\frontend\src\components\feedback\ImageCropDialog.tsx", "TypeScript JSX", 156, 0, 0, 0, 0, 0, 0, 0, 26, 18, 200
"d:\HDSP_HYBRID\frontend\src\components\forms-designer\DesignerCanvas.tsx", "TypeScript JSX", 60, 0, 0, 0, 0, 0, 0, 0, 5, 9, 74
"d:\HDSP_HYBRID\frontend\src\components\forms-designer\DesignerLeftPanel.tsx", "TypeScript JSX", 65, 0, 0, 0, 0, 0, 0, 0, 3, 10, 78
"d:\HDSP_HYBRID\frontend\src\components\forms-designer\DesignerRightPanel.tsx", "TypeScript JSX", 73, 0, 0, 0, 0, 0, 0, 0, 2, 11, 86
"d:\HDSP_HYBRID\frontend\src\components\forms-designer\DesignerStatusBar.tsx", "TypeScript JSX", 51, 0, 0, 0, 0, 0, 0, 0, 4, 5, 60
"d:\HDSP_HYBRID\frontend\src\components\forms-designer\DesignerToolbar.tsx", "TypeScript JSX", 167, 0, 0, 0, 0, 0, 0, 0, 9, 25, 201
"d:\HDSP_HYBRID\frontend\src\components\vendor\VendorRegisterDialog.tsx", "TypeScript JSX", 112, 0, 0, 0, 0, 0, 0, 0, 0, 6, 118
"d:\HDSP_HYBRID\frontend\src\lib\api\attendance-monitoring.api.ts", "TypeScript", 0, 0, 21, 0, 0, 0, 0, 0, 0, 3, 24
"d:\HDSP_HYBRID\frontend\src\lib\api\auth.api.ts", "TypeScript", 0, 0, 86, 0, 0, 0, 0, 0, 1, 17, 104
"d:\HDSP_HYBRID\frontend\src\lib\api\branches.api.ts", "TypeScript", 0, 0, 23, 0, 0, 0, 0, 0, 4, 6, 33
"d:\HDSP_HYBRID\frontend\src\lib\api\campaign.api.ts", "TypeScript", 0, 0, 44, 0, 0, 0, 0, 0, 2, 11, 57
"d:\HDSP_HYBRID\frontend\src\lib\api\client.ts", "TypeScript", 0, 0, 85, 0, 0, 0, 0, 0, 9, 16, 110
"d:\HDSP_HYBRID\frontend\src\lib\api\eic.api.ts", "TypeScript", 0, 0, 516, 0, 0, 0, 0, 0, 20, 89, 625
"d:\HDSP_HYBRID\frontend\src\lib\api\his.api.ts", "TypeScript", 0, 0, 138, 0, 0, 0, 0, 0, 2, 20, 160
"d:\HDSP_HYBRID\frontend\src\lib\api\license.api.ts", "TypeScript", 0, 0, 78, 0, 0, 0, 0, 0, 5, 15, 98
"d:\HDSP_HYBRID\frontend\src\lib\api\loyalty.api.ts", "TypeScript", 0, 0, 140, 0, 0, 0, 0, 0, 1, 25, 166
"d:\HDSP_HYBRID\frontend\src\lib\api\notification.api.ts", "TypeScript", 0, 0, 69, 0, 0, 0, 0, 0, 2, 13, 84
"d:\HDSP_HYBRID\frontend\src\lib\api\reports.api.ts", "TypeScript", 0, 0, 66, 0, 0, 0, 0, 0, 1, 9, 76
"d:\HDSP_HYBRID\frontend\src\lib\api\settings.api.ts", "TypeScript", 0, 0, 7, 0, 0, 0, 0, 0, 0, 2, 9
"d:\HDSP_HYBRID\frontend\src\lib\api\users.api.ts", "TypeScript", 0, 0, 92, 0, 0, 0, 0, 0, 0, 21, 113
"d:\HDSP_HYBRID\frontend\src\lib\audio\tokenAudio.ts", "TypeScript", 0, 0, 217, 0, 0, 0, 0, 0, 107, 53, 377
"d:\HDSP_HYBRID\frontend\src\lib\generateId.ts", "TypeScript", 0, 0, 17, 0, 0, 0, 0, 0, 15, 1, 33
"d:\HDSP_HYBRID\frontend\src\lib\hooks\useDebounce.ts", "TypeScript", 0, 0, 9, 0, 0, 0, 0, 0, 0, 2, 11
"d:\HDSP_HYBRID\frontend\src\lib\hooks\useFullscreenToggle.ts", "TypeScript", 0, 0, 24, 0, 0, 0, 0, 0, 6, 4, 34
"d:\HDSP_HYBRID\frontend\src\lib\hooks\useTokenSocket.ts", "TypeScript", 0, 0, 218, 0, 0, 0, 0, 0, 45, 40, 303
"d:\HDSP_HYBRID\frontend\src\lib\store\auth.store.ts", "TypeScript", 0, 0, 67, 0, 0, 0, 0, 0, 10, 9, 86
"d:\HDSP_HYBRID\frontend\src\providers\AuthProvider.tsx", "TypeScript JSX", 136, 0, 0, 0, 0, 0, 0, 0, 30, 23, 189
"d:\HDSP_HYBRID\frontend\src\providers\QueryProvider.tsx", "TypeScript JSX", 30, 0, 0, 0, 0, 0, 0, 0, 0, 4, 34
"d:\HDSP_HYBRID\frontend\src\providers\SessionTimeoutProvider.tsx", "TypeScript JSX", 155, 0, 0, 0, 0, 0, 0, 0, 12, 29, 196
"d:\HDSP_HYBRID\frontend\src\providers\SnackbarProvider.tsx", "TypeScript JSX", 13, 0, 0, 0, 0, 0, 0, 0, 0, 3, 16
"d:\HDSP_HYBRID\frontend\src\providers\ThemeProvider.tsx", "TypeScript JSX", 355, 0, 0, 0, 0, 0, 0, 0, 28, 32, 415
"d:\HDSP_HYBRID\frontend\tsconfig.json", "JSON with Comments", 0, 27, 0, 0, 0, 0, 0, 0, 0, 1, 28
"Total", "-", 30651, -9, -53410, -1, -5270, 26983, -68, -184, -9850, -6247, -17405